68001,41.345618,-96.964103,NE,Butler,Abie
68002,41.457952,-96.352472,NE,Washington,Arlington
68003,41.042189,-96.375917,NE,Saunders,Ashland
68004,42.013383,-96.574975,NE,Cuming,Bancroft
68005,41.150489,-95.908507,NE,Sarpy,Bellevue
68007,41.354344,-96.169168,NE,Douglas,Bennington
68008,41.54333,-96.141019,NE,Washington,Blair
68009,41.558272,-96.245006,NE,Washington,Blair
68010,41.259761,-96.128888,NE,Douglas,Boys Town
68010,41.259761,-96.128888,NE,Douglas,Boystown
68014,41.264706,-96.96795,NE,Butler,Bruno
68015,41.397107,-96.60814,NE,Saunders,Cedar Bluffs
68016,41.044111,-96.102145,NE,Cass,Cedar Creek
68017,41.061704,-96.64763,NE,Saunders,Ceresco
68018,41.301021,-96.606339,NE,Saunders,Colon
68019,41.781961,-96.354588,NE,Burt,Craig
68020,42.008059,-96.248686,NE,Burt,Decatur
68022,41.272116,-96.241943,NE,Douglas,Elkhorn
68023,41.4562,-96.024852,NE,Washington,Fort Calhoun
68025,41.441269,-96.494304,NE,Dodge,Fremont
68026,41.440321,-96.489748,NE,Dodge,Fremont
68028,41.127216,-96.250421,NE,Sarpy,Gretna
68029,41.642508,-96.321076,NE,Washington,Herman
68030,42.32113,-96.493233,NE,Dakota,Homer
68031,41.610766,-96.546766,NE,Dodge,Hooper
68033,41.164062,-96.542654,NE,Saunders,Ithaca
68034,41.472,-96.203364,NE,Washington,Kennard
68036,41.41271,-96.93218,NE,Butler,Linwood
68037,40.99985,-96.159694,NE,Cass,Louisville
68038,41.935485,-96.473601,NE,Burt,Lyons
68039,42.013041,-96.574982,NE,Thurston,Macy
68040,41.302222,-96.73163,NE,Saunders,Malmo
68041,41.213989,-96.519748,NE,Saunders,Mead
68042,41.091772,-96.43185,NE,Saunders,Memphis
68044,41.521374,-96.49854,NE,Dodge,Fontanelle
68044,41.521374,-96.49854,NE,Dodge,Nickerson
68045,41.835451,-96.465532,NE,Burt,Oakland
68046,41.154802,-96.037961,NE,Sarpy,Omaha
68046,41.154802,-96.037961,NE,Sarpy,Papillion
68047,42.112399,-96.711991,NE,Thurston,Pender
68048,41.011668,-95.889911,NE,Cass,Plattsmouth
68050,41.296249,-96.852961,NE,Saunders,Prague
68055,42.058749,-96.471206,NE,Thurston,Rosalie
68056,41.091485,-96.053536,NE,Sarpy,St Columbans
68057,41.661517,-96.655134,NE,Dodge,Scribner
68058,41.000221,-96.246892,NE,Cass,South Bend
68059,41.06845,-96.150271,NE,Sarpy,Richfield
68059,41.06845,-96.150271,NE,Sarpy,Springfield
68061,41.775728,-96.223201,NE,Burt,Tekamah
68062,42.196266,-96.682949,NE,Thurston,Thurston
68063,41.734407,-96.505658,NE,Dodge,Uehling
68064,41.312896,-96.347618,NE,Douglas,Leshara
68064,41.312896,-96.347618,NE,Douglas,Valley
68065,41.078461,-96.829772,NE,Saunders,Valparaiso
68066,41.209769,-96.62285,NE,Saunders,Wahoo
68067,42.147,-96.490211,NE,Thurston,Walthill
68068,41.394305,-96.207856,NE,Washington,Washington
68069,41.285288,-96.280956,NE,Douglas,Waterloo
68070,41.17861,-96.794009,NE,Saunders,Weston
68071,42.238339,-96.472001,NE,Thurston,Winnebago
68072,41.608193,-96.505496,NE,Dodge,Winslow
68073,41.2412,-96.400277,NE,Saunders,Yutan
68101,41.262185,-95.931331,NE,Douglas,Omaha
68102,41.260653,-95.93434,NE,Douglas,Omaha
68103,41.257105,-95.944998,NE,Douglas,Omaha
68104,41.291657,-95.996811,NE,Douglas,Benson
68104,41.291657,-95.996811,NE,Douglas,Omaha
68105,41.239537,-95.962523,NE,Douglas,Omaha
68106,41.237222,-96.001713,NE,Douglas,Omaha
68107,41.20725,-95.95527,NE,Douglas,Omaha
68108,41.235658,-95.928687,NE,Douglas,Omaha
68109,41.237586,-95.927592,NE,Douglas,Omaha
68110,41.291646,-95.926442,NE,Douglas,Omaha
68111,41.290325,-95.967165,NE,Douglas,Omaha
68112,41.338789,-95.974358,NE,Douglas,Florence
68112,41.338789,-95.974358,NE,Douglas,Omaha
68113,41.1249,-95.91672,NE,Sarpy,Offutt A F B
68113,41.1249,-95.91672,NE,Sarpy,Offutt AFB
68113,41.1249,-95.91672,NE,Sarpy,Offutt Air Force Base
68113,41.1249,-95.91672,NE,Sarpy,Omaha
68114,41.264936,-96.051169,NE,Douglas,Omaha
68116,41.289542,-96.170593,NE,Douglas,Omaha
68117,41.206624,-95.999613,NE,Douglas,Omaha
68118,41.263933,-96.177075,NE,Douglas,Omaha
68119,41.3066,-95.90513,NE,Douglas,Air Mail Facility
68119,41.3066,-95.90513,NE,Douglas,Omaha
68120,41.229884,-96.16379,NE,Douglas,Omaha
68122,41.3387,-96.072049,NE,Douglas,Omaha
68123,41.11212,-95.9574,NE,Sarpy,Bellevue
68123,41.11212,-95.9574,NE,Sarpy,Capehart
68123,41.11212,-95.9574,NE,Sarpy,La Platte
68124,41.238073,-96.055759,NE,Douglas,Omaha
68127,41.204126,-96.054148,NE,Douglas,Omaha
68127,41.204126,-96.054148,NE,Douglas,Ralston
68128,41.183889,-96.030833,NE,Sarpy,La Vista
68128,41.183889,-96.030833,NE,Sarpy,Lavista
68128,41.183889,-96.030833,NE,Sarpy,Ralston
68130,41.237517,-96.169978,NE,Douglas,Omaha
68131,41.271024,-95.962638,NE,Douglas,Omaha
68132,41.267177,-96.001881,NE,Douglas,Omaha
68133,41.13402,-96.0018,NE,Sarpy,Bellevue
68133,41.13402,-96.0018,NE,Sarpy,Omaha
68133,41.13402,-96.0018,NE,Sarpy,Papillion
68134,41.299209,-96.052153,NE,Douglas,Omaha
68135,41.207735,-96.175838,NE,Douglas,Omaha
68136,41.166069,-96.174813,NE,Sarpy,Omaha
68137,41.206074,-96.122007,NE,Douglas,Omaha
68138,41.169533,-96.127845,NE,Sarpy,Omaha
68139,41.22151,-96.120245,NE,Douglas,Omaha
68142,41.339409,-96.09543,NE,Douglas,Omaha
68144,41.23321,-96.113706,NE,Douglas,Millard
68144,41.23321,-96.113706,NE,Douglas,Omaha
68145,41.257619,-95.936656,NE,Douglas,Millard
68145,41.257619,-95.936656,NE,Douglas,Omaha
68147,41.177581,-95.955671,NE,Sarpy,Bellevue
68147,41.177581,-95.955671,NE,Sarpy,Omaha
68152,41.341128,-95.998908,NE,Douglas,Florence
68152,41.341128,-95.998908,NE,Douglas,Omaha
68154,41.261363,-96.115709,NE,Douglas,Omaha
68155,41.242263,-95.965961,NE,Douglas,Omaha
68157,41.184654,-95.994302,NE,Sarpy,Bellevue
68157,41.184654,-95.994302,NE,Sarpy,Omaha
68157,41.184654,-95.994302,NE,Sarpy,Papillion
68164,41.295609,-96.109098,NE,Douglas,Omaha
68172,41.264597,-96.117591,NE,Douglas,Bar Code
68172,41.264597,-96.117591,NE,Douglas,Business Reply
68172,41.264597,-96.117591,NE,Douglas,Omaha
68175,41.266258,-95.964336,NE,Douglas,Mutual of Omaha
68175,41.266258,-95.964336,NE,Douglas,Omaha
68176,41.262523,-95.936642,NE,Douglas,Master Charge Pay Div
68176,41.262523,-95.936642,NE,Douglas,Omaha
68178,41.266599,-95.946811,NE,Douglas,Creighton Univ
68178,41.266599,-95.946811,NE,Douglas,Omaha
68179,41.26277,-95.934386,NE,Douglas,Omaha
68179,41.26277,-95.934386,NE,Douglas,Union Pacific RR
68180,41.233224,-96.053004,NE,Douglas,Blue Cross Blue Shield
68180,41.233224,-96.053004,NE,Douglas,Omaha
68181,41.260506,-95.937013,NE,Douglas,Omaha
68181,41.260506,-95.937013,NE,Douglas,Omaha Natl Bank
68182,41.254745,-96.009873,NE,Douglas,Omaha
68182,41.254745,-96.009873,NE,Douglas,Univ of Neb at Omaha
68183,41.258306,-95.938217,NE,Douglas,Omaha
68183,41.258306,-95.938217,NE,Douglas,Omaha Douglas Civic Ctr
68197,41.259112,-95.937493,NE,Douglas,1st National Bank of Omaha
68197,41.259112,-95.937493,NE,Douglas,Omaha
68198,41.265996,-96.010026,NE,Douglas,Omaha
68198,41.265996,-96.010026,NE,Douglas,Un Med Center
68198,41.265996,-96.010026,NE,Douglas,Univ of Ne Med Center
68198,41.265996,-96.010026,NE,Douglas,University of Nebraska Medic
68301,40.456355,-96.510084,NE,Gage,Adams
68303,40.250787,-97.389823,NE,Thayer,Alexandria
68304,40.869803,-96.38597,NE,Cass,Alvo
68305,40.390284,-95.842607,NE,Nemaha,Auburn
68305,40.390284,-95.842607,NE,Nemaha,Glenrock
68305,40.390284,-95.842607,NE,Nemaha,Howe
68305,40.390284,-95.842607,NE,Nemaha,North Auburn
68305,40.390284,-95.842607,NE,Nemaha,Rohrs
68307,40.798417,-96.119486,NE,Cass,Avoca
68309,40.049316,-96.575317,NE,Gage,Barneston
68309,40.049316,-96.575317,NE,Gage,Wymore
68310,40.267056,-96.743096,NE,Gage,Beatrice
68310,40.267056,-96.743096,NE,Gage,Ellis
68310,40.267056,-96.743096,NE,Gage,Glenover
68310,40.267056,-96.743096,NE,Gage,Hoag
68310,40.267056,-96.743096,NE,Gage,Holmesville
68310,40.267056,-96.743096,NE,Gage,Homestead National Monument
68310,40.267056,-96.743096,NE,Gage,Riverside
68310,40.267056,-96.743096,NE,Gage,Rockford
68313,40.780014,-97.268905,NE,Seward,Beaver Crossing
68313,40.780014,-97.268905,NE,Seward,Beaver Xing
68314,41.007694,-97.054158,NE,Seward,Bee
68315,40.253359,-97.535575,NE,Thayer,Belvidere
68315,40.253359,-97.535575,NE,Thayer,Hebron
68316,41.005076,-97.603338,NE,York,Benedict
68317,40.6792,-96.512593,NE,Lancaster,Bennet
68318,40.139141,-96.666383,NE,Gage,Blue Springs
68319,40.884339,-97.745935,NE,York,Bradshaw
68320,40.477179,-95.95958,NE,Nemaha,Brock
68321,40.397517,-95.715698,NE,Nemaha,Brownville
68322,40.336633,-97.564394,NE,Thayer,Bruning
68323,40.089542,-96.352947,NE,Pawnee,Burchard
68324,40.537964,-96.303129,NE,Otoe,Burr
68324,40.537964,-96.303129,NE,Otoe,Sterling
68325,40.041978,-97.752191,NE,Thayer,Byron
68326,40.297938,-97.665585,NE,Thayer,Carleton
68327,40.009914,-97.619397,NE,Thayer,Chester
68328,40.465354,-96.849788,NE,Gage,Clatonia
68329,40.508304,-96.163432,NE,Johnson,Cook
68330,40.71533,-97.350442,NE,Seward,Cordova
68331,40.503475,-96.706289,NE,Gage,Cortland
68331,40.503475,-96.706289,NE,Gage,Highland
68332,40.305568,-96.406515,NE,Johnson,Crab Orchard
68333,40.622672,-96.959633,NE,Saline,Blue River Lodge
68333,40.622672,-96.959633,NE,Saline,Crete
68333,40.622672,-96.959633,NE,Saline,Kramer
68335,40.278417,-97.793557,NE,Thayer,Davenport
68336,40.973815,-96.69255,NE,Lancaster,Davey
68337,40.130784,-95.839206,NE,Richardson,Dawson
68338,40.30033,-97.277589,NE,Jefferson,Daykin
68339,40.737195,-96.848512,NE,Lancaster,Denton
68340,40.13733,-97.723815,NE,Thayer,Deshler
68341,40.391721,-96.921087,NE,Saline,De Witt
68342,40.110011,-96.934026,NE,Jefferson,Diller
68343,40.648808,-97.117598,NE,Saline,Dorchester
68343,40.648808,-97.117598,NE,Saline,Pleasanthill
68344,40.594843,-96.384446,NE,Otoe,Douglas
68345,40.041,-96.05808,NE,Pawnee,Du Bois
68345,40.041,-96.05808,NE,Pawnee,Dubois
68346,40.655568,-96.007618,NE,Otoe,Dunbar
68346,40.655568,-96.007618,NE,Otoe,Lorton
68347,40.815516,-96.430676,NE,Cass,Eagle
68348,40.32717,-96.135905,NE,Johnson,Elk Creek
68349,40.841581,-96.295682,NE,Cass,Elmwood
68350,40.079665,-97.093532,NE,Jefferson,Endicott
68351,40.64252,-97.446271,NE,Fillmore,Exeter
68352,40.15608,-97.1718,NE,Jefferson,Fairbury
68352,40.15608,-97.1718,NE,Jefferson,Gladstone
68352,40.15608,-97.1718,NE,Jefferson,Powell
68352,40.15608,-97.1718,NE,Jefferson,Thompson
68354,40.632986,-97.584084,NE,Fillmore,Burress
68354,40.632986,-97.584084,NE,Fillmore,Fairmont
68355,40.063372,-95.60158,NE,Richardson,Barada
68355,40.063372,-95.60158,NE,Richardson,Falls City
68355,40.063372,-95.60158,NE,Richardson,Preston
68357,40.304907,-96.519067,NE,Gage,Filley
68358,40.536757,-96.608791,NE,Lancaster,Firth
68359,40.640909,-97.269963,NE,Saline,Friend
68360,40.943834,-96.983258,NE,Seward,Garland
68361,40.529762,-97.599851,NE,Fillmore,Geneva
68362,40.166389,-97.585556,NE,Thayer,Gilead
68364,40.833094,-97.203137,NE,Seward,Goehner
68365,40.626754,-97.713563,NE,Fillmore,Grafton
68366,40.962494,-96.441281,NE,Cass,Greenwood
68367,41.00628,-97.421986,NE,York,Gresham
68368,40.560143,-96.792049,NE,Lancaster,Hallam
68370,40.169252,-97.588399,NE,Thayer,Hebron
68371,40.785,-97.78332,NE,York,Henderson
68371,40.785,-97.78332,NE,York,Lushton
68372,40.58862,-96.6177,NE,Lancaster,Hickman
68372,40.58862,-96.6177,NE,Lancaster,Holland
68375,40.010558,-97.50168,NE,Thayer,Hubbell
68376,40.164101,-95.945902,NE,Richardson,Humboldt
68377,40.20156,-97.02684,NE,Jefferson,Harbine
68377,40.20156,-97.02684,NE,Jefferson,Jansen
68378,40.40148,-95.9838,NE,Nemaha,Johnson
68379,40.522306,-95.868586,NE,Nemaha,Johnson
68379,40.522306,-95.868586,NE,Nemaha,Julian
68380,40.242026,-96.406983,NE,Pawnee,Burchard
68380,40.242026,-96.406983,NE,Pawnee,Lewiston
68381,40.082959,-96.516995,NE,Gage,Liberty
68382,40.5956,-96.0242,NE,Otoe,Dunbar
68382,40.5956,-96.0242,NE,Otoe,Lorton
68401,40.744573,-97.595253,NE,York,Mc Cool Jct
68401,40.744573,-97.595253,NE,York,Mc Cool Junction
68402,40.91099,-96.868127,NE,Lancaster,Malcolm
68403,40.919042,-96.164769,NE,Cass,Manley
68404,40.64262,-96.74712,NE,Lancaster,Centerville
68404,40.64262,-96.74712,NE,Lancaster,Martell
68404,40.64262,-96.74712,NE,Lancaster,Princeton
68405,40.775066,-97.054666,NE,Seward,Grover
68405,40.775066,-97.054666,NE,Seward,Milford
68406,40.501769,-97.387605,NE,Fillmore,Milligan
68407,40.923635,-96.282292,NE,Cass,Murdock
68407,40.923635,-96.282292,NE,Cass,Wabash
68409,40.915033,-95.928545,NE,Cass,Murray
68410,40.674994,-95.861844,NE,Otoe,Nebr City
68410,40.674994,-95.861844,NE,Otoe,Nebraska City
68410,40.674994,-95.861844,NE,Otoe,Paul
68410,40.674994,-95.861844,NE,Otoe,Wyoming
68413,40.833385,-95.995045,NE,Cass,Nehawka
68414,40.338842,-95.67542,NE,Nemaha,Nemaha
68415,40.046798,-96.803063,NE,Gage,Lanham
68415,40.046798,-96.803063,NE,Gage,Odell
68416,40.410905,-97.452822,NE,Fillmore,Ohiowa
68417,40.724541,-96.121219,NE,Otoe,Otoe
68418,40.703411,-96.394378,NE,Otoe,Palmyra
68419,40.603592,-96.507775,NE,Lancaster,Panama
68420,40.114423,-96.15382,NE,Pawnee,Pawnee City
68421,40.479889,-95.731319,NE,Nemaha,Peru
68422,40.392206,-96.741093,NE,Gage,Pickrell
68423,40.791794,-96.930323,NE,Seward,Pleasant Dale
68424,40.303913,-96.98949,NE,Jefferson,Plymouth
68428,40.97075,-96.78666,NE,Lancaster,Agnew
68428,40.97075,-96.78666,NE,Lancaster,Raymond
68429,40.046208,-97.312464,NE,Thayer,Chester
68429,40.046208,-97.312464,NE,Thayer,Reynolds
68430,40.674181,-96.66451,NE,Lancaster,Roca
68430,40.674181,-96.66451,NE,Lancaster,Saltillo
68431,40.04631,-95.442036,NE,Richardson,Rulo
68433,40.043233,-95.726489,NE,Richardson,Salem
68434,40.91136,-97.1523,NE,Seward,Seward
68434,40.91136,-97.1523,NE,Seward,Tamora
68436,40.41501,-97.726502,NE,Fillmore,Shickley
68437,40.236902,-95.683475,NE,Richardson,Shubert
68438,40.62589,-96.743445,NE,Lancaster,Sprague
68439,40.973735,-97.175172,NE,Seward,Staplehurst
68440,40.047836,-96.973471,NE,Jefferson,Steele City
68441,40.207893,-96.23182,NE,Pawnee,Steinauer
68442,40.229088,-95.773985,NE,Richardson,Stella
68443,40.462807,-96.379563,NE,Johnson,Saint Mary
68443,40.462807,-96.379563,NE,Johnson,Sterling
68444,40.396596,-97.540543,NE,Fillmore,Belle Prairie
68444,40.396596,-97.540543,NE,Fillmore,Hamilton
68444,40.396596,-97.540543,NE,Fillmore,Strang
68445,40.392864,-97.086327,NE,Saline,Swanton
68446,40.658087,-96.183226,NE,Otoe,Syracuse
68447,40.18026,-96.095765,NE,Pawnee,Table Rock
68448,40.531822,-96.025289,NE,Otoe,Talmage
68450,40.3693,-96.193526,NE,Johnson,Graf
68450,40.3693,-96.193526,NE,Johnson,Tecumseh
68452,40.394395,-97.879427,NE,Clay,Ong
68453,40.420152,-97.340201,NE,Saline,Tobias
68454,40.683866,-96.272409,NE,Otoe,Unadilla
68455,40.828465,-95.897147,NE,Cass,Union
68456,40.896389,-97.346355,NE,Seward,Utica
68457,40.149112,-95.709711,NE,Richardson,Verdon
68458,40.2312,-96.52068,NE,Gage,Virginia
68460,40.925505,-97.443237,NE,York,Thayer
68460,40.925505,-97.443237,NE,York,Waco
68461,40.755755,-96.512662,NE,Lancaster,Walton
68462,40.918377,-96.528739,NE,Lancaster,Waverly
68463,40.866222,-96.140444,NE,Cass,Weeping Water
68464,40.39536,-97.232299,NE,Saline,Western
68465,40.481162,-96.964186,NE,Saline,Wilber
68466,40.118874,-96.667542,NE,Gage,Sicily
68466,40.118874,-96.667542,NE,Gage,Wymore
68467,40.871762,-97.587892,NE,York,York
68501,40.823788,-96.77509,NE,Lancaster,Lincoln
68502,40.786507,-96.714244,NE,Lancaster,Lincoln
68503,40.823017,-96.673442,NE,Lancaster,Lincoln
68504,40.837188,-96.659433,NE,Lancaster,Lincoln
68504,40.837188,-96.659433,NE,Lancaster,University Place
68505,40.83925,-96.624615,NE,Lancaster,Bethany
68505,40.83925,-96.624615,NE,Lancaster,Lincoln
68506,40.787792,-96.653231,NE,Lancaster,Lincoln
68507,40.850262,-96.626115,NE,Lancaster,Lincoln
68508,40.81708,-96.712063,NE,Lancaster,Lincoln
68509,40.816704,-96.709171,NE,Lancaster,Lincoln
68509,40.816704,-96.709171,NE,Lancaster,State House
68510,40.804463,-96.651746,NE,Lancaster,Lincoln
68512,40.756847,-96.694879,NE,Lancaster,Lincoln
68514,40.917763,-96.648637,NE,Lancaster,Lincoln
68516,40.752821,-96.645302,NE,Lancaster,Lincoln
68517,40.926162,-96.604232,NE,Lancaster,Lincoln
68520,40.796037,-96.58452,NE,Lancaster,Lincoln
68521,40.848806,-96.715959,NE,Lancaster,Lincoln
68522,40.791967,-96.738854,NE,Lancaster,Lincoln
68523,40.735318,-96.757947,NE,Lancaster,Lincoln
68523,40.735318,-96.757947,NE,Lancaster,Rokeby
68524,40.857067,-96.786673,NE,Lancaster,Air Park
68524,40.857067,-96.786673,NE,Lancaster,Lincoln
68526,40.73088,-96.55146,NE,Lancaster,Cheney
68526,40.73088,-96.55146,NE,Lancaster,Lincoln
68527,40.842546,-96.535412,NE,Lancaster,Lincoln
68527,40.842546,-96.535412,NE,Lancaster,Prairie Home
68528,40.81956,-96.81306,NE,Lancaster,Emerald
68528,40.81956,-96.81306,NE,Lancaster,Lincoln
68529,40.852903,-96.61311,NE,Lancaster,Havelock
68529,40.852903,-96.61311,NE,Lancaster,Lincoln
68531,40.88528,-96.713107,NE,Lancaster,Lincoln
68532,40.792402,-96.854537,NE,Lancaster,Lincoln
68542,40.787298,-96.700531,NE,Lancaster,Lincoln
68583,40.828399,-96.663016,NE,Lancaster,Lincoln
68583,40.828399,-96.663016,NE,Lancaster,Univ of Nebraska E Campus
68588,40.821099,-96.711844,NE,Lancaster,Lincoln
68588,40.821099,-96.711844,NE,Lancaster,University of Nebraska
68601,41.4492,-97.37196,NE,Platte,Columbus
68601,41.4492,-97.37196,NE,Platte,Richland
68602,41.446287,-97.307733,NE,Platte,Columbus
68620,41.70948,-98.0022,NE,Boone,Albion
68620,41.70948,-98.0022,NE,Boone,Boone
68621,41.460139,-96.63913,NE,Dodge,Ames
68622,41.863327,-98.544854,NE,Wheeler,Bartlett
68623,41.440895,-98.115067,NE,Boone,Belgrade
68624,41.345741,-97.254735,NE,Butler,Bellwood
68626,41.175159,-96.967982,NE,Butler,Brainard
68627,41.558896,-98.143523,NE,Boone,Cedar Rapids
68628,41.254383,-97.849012,NE,Merrick,Clarks
68629,41.721442,-97.118226,NE,Colfax,Clarkson
68631,41.656578,-97.367518,NE,Platte,Creston
68632,41.243121,-97.131923,NE,Butler,David City
68632,41.243121,-97.131923,NE,Butler,Garrison
68632,41.243121,-97.131923,NE,Butler,Octavia
68633,41.72483,-96.880938,NE,Dodge,Dodge
68634,41.390994,-97.538674,NE,Platte,Duncan
68635,41.089148,-96.962053,NE,Butler,Dwight
68636,41.959792,-98.06542,NE,Antelope,Elgin
68637,41.799293,-98.662453,NE,Wheeler,Ericson
68638,41.36132,-97.974859,NE,Nance,Fullerton
68640,41.448122,-97.730421,NE,Nance,Genoa
68641,41.725645,-97.002347,NE,Colfax,Howells
68642,41.688712,-97.489112,NE,Platte,Cornlea
68642,41.688712,-97.489112,NE,Platte,Humphrey
68642,41.688712,-97.489112,NE,Platte,Tarnov
68643,41.704228,-97.231539,NE,Colfax,Leigh
68644,41.70508,-97.697472,NE,Platte,Lindsay
68647,41.470368,-97.612457,NE,Platte,Monroe
68648,41.41549,-96.803662,NE,Saunders,Morse Bluff
68649,41.462461,-96.783977,NE,Dodge,North Bend
68651,41.246471,-97.572487,NE,Polk,Osceola
68652,41.854671,-98.148496,NE,Boone,Petersburg
68653,41.526326,-97.482444,NE,Platte,Platte Center
68654,41.075128,-97.787548,NE,Polk,Polk
68655,41.644973,-98.235707,NE,Boone,Cedar Rapids
68655,41.644973,-98.235707,NE,Boone,Primrose
68658,41.198815,-97.295333,NE,Butler,Rising City
68659,41.468839,-96.955803,NE,Colfax,Rogers
68660,41.572148,-97.861191,NE,Boone,Saint Edward
68661,41.447978,-97.057723,NE,Colfax,Schuyler
68662,41.267341,-97.43486,NE,Polk,Shelby
68663,41.315738,-97.66503,NE,Merrick,Silver Creek
68664,41.703092,-96.789139,NE,Dodge,Snyder
68665,41.6987,-98.395511,NE,Greeley,Spalding
68666,41.11466,-97.592891,NE,Polk,Stromsburg
68667,41.09718,-97.3134,NE,Butler,Surprise
68667,41.09718,-97.3134,NE,Butler,Ulysses
68669,41.070396,-97.202236,NE,Butler,Ulysses
68701,42.033639,-97.421914,NE,Madison,Hadar
68701,42.033639,-97.421914,NE,Madison,Norfolk
68702,42.026207,-97.419556,NE,Madison,Norfolk
68710,42.414736,-96.840752,NE,Dixon,Allen
68710,42.414736,-96.840752,NE,Dixon,Martinsburg
68711,42.21526,-98.84291,NE,Holt,Amelia
68713,42.530554,-98.978943,NE,Holt,Atkinson
68714,42.580331,-99.530917,NE,Rock,Bassett
68714,42.580331,-99.530917,NE,Rock,Rose
68715,41.999323,-97.599609,NE,Madison,Battle Creek
68716,41.929617,-96.809699,NE,Cuming,Beemer
68717,42.393887,-97.193244,NE,Cedar,Belden
68718,42.596572,-97.648618,NE,Knox,Bloomfield
68719,42.89273,-98.602953,NE,Boyd,Bristow
68720,42.352542,-97.952099,NE,Antelope,Brunswick
68722,42.916707,-98.831811,NE,Boyd,Butte
68723,42.284958,-97.191946,NE,Wayne,Carroll
68724,42.614295,-97.892406,NE,Knox,Center
68724,42.614295,-97.892406,NE,Knox,Spade
68725,42.145872,-98.734888,NE,Holt,Chambers
68726,42.089728,-98.180321,NE,Antelope,Clearwater
68727,42.506829,-97.203319,NE,Cedar,Coleridge
68728,42.374325,-96.965134,NE,Dixon,Concord
68729,42.4627,-97.906128,NE,Knox,Creighton
68730,42.744114,-97.529215,NE,Knox,Crofton
68731,42.411172,-96.41822,NE,Dakota,Dakota City
68732,42.414922,-96.955534,NE,Dixon,Dixon
68733,42.282459,-96.727307,NE,Dakota,Emerson
68734,42.436057,-98.830831,NE,Holt,Emmet
68735,42.257906,-98.346574,NE,Holt,Ewing
68736,42.735874,-97.36748,NE,Cedar,Fordyce
68738,42.106986,-97.449535,NE,Pierce,Hadar
68739,42.620002,-97.262062,NE,Cedar,Hartington
68740,42.178142,-97.308965,NE,Wayne,Hoskins
68741,42.407532,-96.62294,NE,Dakota,Hubbard
68742,42.344111,-98.553943,NE,Holt,Inman
68743,42.467929,-96.580412,NE,Dakota,Jackson
68745,42.439551,-97.104567,NE,Cedar,Laurel
68746,42.859206,-98.43997,NE,Boyd,Lynch
68747,42.395646,-97.475489,NE,Pierce,McClean
68747,42.395646,-97.475489,NE,Pierce,McLean
68748,41.825641,-97.456917,NE,Madison,Madison
68749,42.476088,-97.435638,NE,Cedar,Magnet
68751,42.688741,-96.984169,NE,Dixon,Maskell
68752,42.027426,-97.733894,NE,Madison,Meadow Grove
68753,42.890184,-99.453616,NE,Keya Paha,Mills
68755,42.927102,-99.089391,NE,Boyd,Naper
68756,42.129599,-98.028352,NE,Antelope,Neligh
68757,42.659384,-96.88799,NE,Dixon,Newcastle
68757,42.659384,-96.88799,NE,Dixon,Obert
68758,41.745732,-97.776985,NE,Madison,Newman Grove
68759,42.595928,-99.336785,NE,Keya Paha,Newport
68760,42.76848,-98.00988,NE,Knox,Niobrara
68760,42.76848,-98.00988,NE,Knox,Verdel
68761,42.047944,-97.951963,NE,Antelope,Oakdale
68763,42.456401,-98.648879,NE,Holt,Grattan
68763,42.456401,-98.648879,NE,Holt,O' Neill
68763,42.456401,-98.648879,NE,Holt,Oneill
68763,42.456401,-98.648879,NE,Holt,Shields
68763,42.456401,-98.648879,NE,Holt,Willowdale
68764,42.337337,-98.2404,NE,Antelope,Orchard
68765,42.344594,-97.56158,NE,Pierce,Foster
68765,42.344594,-97.56158,NE,Pierce,Osmond
68766,42.430282,-98.374931,NE,Holt,Page
68767,42.199417,-97.528592,NE,Pierce,Pierce
68768,42.007328,-97.052909,NE,Stanton,Pilger
68769,42.35309,-97.783657,NE,Pierce,Plainview
68770,42.581657,-96.725252,NE,Dixon,Martinsburg
68770,42.581657,-96.725252,NE,Dixon,Ponca
68771,42.376438,-97.356521,NE,Cedar,Randolph
68773,42.309636,-98.125775,NE,Antelope,Royal
68774,42.821267,-97.340702,NE,Cedar,Saint Helena
68774,42.821267,-97.340702,NE,Cedar,South Yankton
68774,42.821267,-97.340702,NE,Cedar,St Helena
68776,42.471705,-96.414132,NE,Dakota,S Sioux City
68776,42.471705,-96.414132,NE,Dakota,South Sioux City
68777,42.899532,-98.71865,NE,Boyd,Spencer
68778,42.871901,-99.877057,NE,Keya Paha,Springview
68779,41.952724,-97.22612,NE,Stanton,Stanton
68780,42.605196,-99.14277,NE,Holt,Stuart
68781,42.043913,-97.828926,NE,Madison,Tilden
68783,42.598647,-98.038208,NE,Knox,Verdigre
68784,42.268578,-96.866526,NE,Dixon,Wakefield
68785,42.459205,-96.743675,NE,Dixon,Waterbury
68786,42.498268,-97.538422,NE,Knox,Wausa
68787,42.238544,-97.015602,NE,Wayne,Wayne
68788,41.841621,-96.709733,NE,Cuming,West Point
68789,42.496222,-98.051704,NE,Knox,Winnetoon
68790,42.155093,-97.193363,NE,Wayne,Winside
68791,41.990286,-96.914729,NE,Cuming,Wisner
68792,42.741296,-97.141101,NE,Cedar,Wynot
68801,40.92332,-98.33643,NE,Hall,Grand Island
68801,40.92332,-98.33643,NE,Hall,Hall County Regional Airport
68802,40.910403,-98.350673,NE,Hall,Grand Island
68803,40.926575,-98.377333,NE,Hall,Grand Island
68810,40.87318,-98.456185,NE,Hall,Alda
68812,40.872675,-99.252513,NE,Buffalo,Amherst
68813,41.64192,-99.77112,NE,Custer,Anselmo
68813,41.64192,-99.77112,NE,Custer,Milburn
68813,41.64192,-99.77112,NE,Custer,New Helena
68813,41.64192,-99.77112,NE,Custer,Victoria
68814,41.329198,-99.32679,NE,Custer,Ansley
68814,41.329198,-99.32679,NE,Custer,Berwyn
68814,41.329198,-99.32679,NE,Custer,Myrtle
68814,41.329198,-99.32679,NE,Custer,Weissert
68815,41.52436,-99.039205,NE,Valley,Arcadia
68815,41.52436,-99.039205,NE,Valley,Davis Creek
68815,41.52436,-99.039205,NE,Valley,Vinton
68815,41.52436,-99.039205,NE,Valley,Yale
68816,41.177012,-98.113761,NE,Merrick,Archer
68816,41.177012,-98.113761,NE,Merrick,Midland
68817,41.302577,-98.817867,NE,Sherman,Ashton
68817,41.302577,-98.817867,NE,Sherman,Schaupps
68818,40.85508,-98.0127,NE,Hamilton,Aurora
68818,40.85508,-98.0127,NE,Hamilton,Stockham
68820,41.120885,-98.68476,NE,Howard,Boelus
68821,41.929163,-99.809807,NE,Blaine,Brewster
68822,41.404251,-99.640958,NE,Custer,Broken Bow
68823,41.780417,-99.133393,NE,Garfield,Burwell
68824,40.999381,-98.612998,NE,Hall,Cairo
68824,40.999381,-98.612998,NE,Hall,Mayfield
68824,40.999381,-98.612998,NE,Hall,South Loup
68825,41.288611,-99.923023,NE,Custer,Callaway
68825,41.288611,-99.923023,NE,Custer,Custer
68825,41.288611,-99.923023,NE,Custer,Delight
68825,41.288611,-99.923023,NE,Custer,Elim
68825,41.288611,-99.923023,NE,Custer,Ryno
68825,41.288611,-99.923023,NE,Custer,Triumph
68826,41.111822,-98.002519,NE,Merrick,Central City
68826,41.111822,-98.002519,NE,Merrick,Riverside Park
68827,40.999123,-98.204492,NE,Merrick,Chapman
68827,40.999123,-98.204492,NE,Merrick,Vieregg
68828,41.536564,-99.308281,NE,Custer,Comstock
68828,41.536564,-99.308281,NE,Custer,Douglas Grove
68828,41.536564,-99.308281,NE,Custer,Geranium
68831,41.126147,-98.544364,NE,Howard,Dannebrog
68831,41.126147,-98.544364,NE,Howard,Nysted
68832,40.772243,-98.370227,NE,Hall,Doniphan
68832,40.772243,-98.370227,NE,Hall,South Platte
68833,41.787232,-100.060338,NE,Blaine,Dunning
68834,41.014295,-99.70287,NE,Dawson,Eddyville
68834,41.014295,-99.70287,NE,Dawson,Overton
68835,41.285075,-98.591395,NE,Howard,Cotesfield
68835,41.285075,-98.591395,NE,Howard,Dannevirke
68835,41.285075,-98.591395,NE,Howard,Elba
68836,40.718701,-99.373782,NE,Buffalo,Elm Creek
68837,41.695233,-99.068791,NE,Valley,Elyria
68838,41.227083,-98.673138,NE,Howard,Farwell
68840,40.745127,-98.841582,NE,Buffalo,Gibbon
68840,40.745127,-98.841582,NE,Buffalo,Lowell
68840,40.745127,-98.841582,NE,Buffalo,Newark
68841,40.742673,-98.112964,NE,Hamilton,Giltner
68842,41.549174,-98.536561,NE,Greeley,Greeley
68843,40.881097,-97.885145,NE,Hamilton,Hampton
68844,41.025534,-98.916251,NE,Sherman,Hazard
68845,40.769175,-99.198091,NE,Buffalo,Kearney
68846,41.084527,-97.890303,NE,Hamilton,Hordville
68847,40.703417,-99.085998,NE,Buffalo,Kearney
68848,40.842332,-98.978513,NE,Buffalo,Kearney
68849,40.702013,-99.099483,NE,Buffalo,Kearney
68849,40.702013,-99.099483,NE,Buffalo,Univ of Nebraska at Kearney
68850,40.781237,-99.742805,NE,Dawson,Lexington
68852,41.199056,-99.120955,NE,Sherman,Clay
68852,41.199056,-99.120955,NE,Sherman,Elm
68852,41.199056,-99.120955,NE,Sherman,Litchfield
68853,41.279151,-98.969658,NE,Sherman,Loup City
68853,41.279151,-98.969658,NE,Sherman,Oak Creek
68853,41.279151,-98.969658,NE,Sherman,Sherman Lake
68853,41.279151,-98.969658,NE,Sherman,Webster
68854,41.00597,-98.008746,NE,Hamilton,Kronborg
68854,41.00597,-98.008746,NE,Hamilton,Marquette
68855,41.162665,-99.310489,NE,Custer,Algernon
68855,41.162665,-99.310489,NE,Custer,Mason City
68856,41.395529,-99.846927,NE,Custer,Kilfoil
68856,41.395529,-99.846927,NE,Custer,Merna
68858,40.958042,-99.36564,NE,Buffalo,Armada
68858,40.958042,-99.36564,NE,Buffalo,Miller
68858,40.958042,-99.36564,NE,Buffalo,Milton
68859,41.466866,-98.70589,NE,Valley,Enterprise
68859,41.466866,-98.70589,NE,Valley,Eureka
68859,41.466866,-98.70589,NE,Valley,Independent
68859,41.466866,-98.70589,NE,Valley,North Loup
68860,41.130711,-99.664931,NE,Custer,East Custer
68860,41.130711,-99.664931,NE,Custer,Oconto
68861,40.711415,-99.262025,NE,Buffalo,Odessa
68862,41.599708,-98.930085,NE,Valley,Michigan
68862,41.599708,-98.930085,NE,Valley,Noble
68862,41.599708,-98.930085,NE,Valley,Ord
68862,41.599708,-98.930085,NE,Valley,Springdale
68863,40.739926,-99.533777,NE,Dawson,Overton
68864,41.169772,-98.216393,NE,Merrick,Palmer
68865,40.898339,-98.21504,NE,Hamilton,Phillips
68866,40.971884,-99.085142,NE,Buffalo,Cedar
68866,40.971884,-99.085142,NE,Buffalo,Pleasanton
68866,40.971884,-99.085142,NE,Buffalo,Rusco
68866,40.971884,-99.085142,NE,Buffalo,Sartoria
68869,41.02458,-98.89302,NE,Buffalo,Cherry Creek
68869,41.02458,-98.89302,NE,Buffalo,Poole
68869,41.02458,-98.89302,NE,Buffalo,Ravenna
68869,41.02458,-98.89302,NE,Buffalo,Sodtown
68869,41.02458,-98.89302,NE,Buffalo,St Michael
68869,41.02458,-98.89302,NE,Buffalo,Sweetwater
68870,40.784307,-99.160939,NE,Buffalo,Gardner
68870,40.784307,-99.160939,NE,Buffalo,Prairie Center
68870,40.784307,-99.160939,NE,Buffalo,Riverdale
68870,40.784307,-99.160939,NE,Buffalo,Thornton
68871,41.119338,-98.859015,NE,Sherman,Bristol
68871,41.119338,-98.859015,NE,Sherman,Rockville
68872,41.082458,-98.362472,NE,Howard,Saint Libory
68872,41.082458,-98.362472,NE,Howard,St Libory
68872,41.082458,-98.362472,NE,Howard,Worms
68873,41.23452,-98.45052,NE,Howard,Cushing
68873,41.23452,-98.45052,NE,Howard,Saint Paul
68873,41.23452,-98.45052,NE,Howard,St Paul
68874,41.639988,-99.371879,NE,Custer,Corner
68874,41.639988,-99.371879,NE,Custer,Sargent
68874,41.639988,-99.371879,NE,Custer,West Union
68875,41.469255,-98.702666,NE,Greeley,Horace
68875,41.469255,-98.702666,NE,Greeley,Scotia
68876,40.779648,-98.730476,NE,Buffalo,Sharon
68876,40.779648,-98.730476,NE,Buffalo,Shelton
68878,40.947194,-99.527507,NE,Dawson,Sumner
68879,41.85312,-99.44058,NE,Loup,Almeria
68879,41.85312,-99.44058,NE,Loup,Taylor
68881,41.414776,-99.392022,NE,Custer,Comstock
68881,41.414776,-99.392022,NE,Custer,Spring Creek
68881,41.414776,-99.392022,NE,Custer,Westerville
68882,41.468087,-98.385202,NE,Greeley,Brayton
68882,41.468087,-98.385202,NE,Greeley,Wolbach
68883,40.819408,-98.59785,NE,Hall,Cameron
68883,40.819408,-98.59785,NE,Hall,Martin
68883,40.819408,-98.59785,NE,Hall,Prosser
68883,40.819408,-98.59785,NE,Hall,Wood River
68901,40.59276,-98.41596,NE,Adams,Good Samaritan Village
68901,40.59276,-98.41596,NE,Adams,Hansen
68901,40.59276,-98.41596,NE,Adams,Hastings
68901,40.59276,-98.41596,NE,Adams,Hastings Imperial Mall
68901,40.59276,-98.41596,NE,Adams,Hastings Municipal Airport
68901,40.59276,-98.41596,NE,Adams,Ingleside
68901,40.59276,-98.41596,NE,Adams,Spencer Park
68901,40.59276,-98.41596,NE,Adams,West Blue
68902,40.585426,-98.385122,NE,Adams,Hastings
68920,40.102175,-99.36181,NE,Harlan,Alma
68920,40.102175,-99.36181,NE,Harlan,Prairie Dog
68922,40.307147,-99.900593,NE,Furnas,Arapahoe
68923,40.453315,-99.34323,NE,Phelps,Atlanta
68923,40.453315,-99.34323,NE,Phelps,Industry
68923,40.453315,-99.34323,NE,Phelps,Industry-Rock Falls
68923,40.453315,-99.34323,NE,Phelps,Rock Falls
68924,40.480326,-99.125483,NE,Kearney,Axtell
68924,40.480326,-99.125483,NE,Kearney,Keene
68924,40.480326,-99.125483,NE,Kearney,Mirage
68925,40.440577,-98.442822,NE,Adams,Ayr
68925,40.440577,-98.442822,NE,Adams,Zero
68926,40.138817,-99.82644,NE,Furnas,Beaver City
68927,40.526584,-99.632651,NE,Phelps,Bertrand
68927,40.526584,-99.632651,NE,Phelps,Westmark
68927,40.526584,-99.632651,NE,Phelps,Westside
68927,40.526584,-99.632651,NE,Phelps,Williamsburg
68928,40.26195,-98.615407,NE,Webster,Bladen
68929,40.135092,-99.009196,NE,Franklin,Bloomington
68929,40.135092,-99.009196,NE,Franklin,Farmers
68929,40.135092,-99.009196,NE,Franklin,Oak Grove
68930,40.329281,-98.45089,NE,Webster,Blue Hill
68930,40.329281,-98.45089,NE,Webster,Cowles
68930,40.329281,-98.45089,NE,Webster,Rosemont
68932,40.298761,-98.729244,NE,Franklin,Buffalo
68932,40.298761,-98.729244,NE,Franklin,Campbell
68932,40.298761,-98.729244,NE,Franklin,North Franklin
68933,40.528949,-98.058999,NE,Clay,Clay Center
68933,40.528949,-98.058999,NE,Clay,Lynn
68933,40.528949,-98.058999,NE,Clay,Marshall
68934,40.35503,-98.13811,NE,Clay,Deweese
68934,40.35503,-98.13811,NE,Clay,Spring Ranch
68935,40.371362,-97.974067,NE,Clay,Edgar
68935,40.371362,-97.974067,NE,Clay,Sedan
68936,40.262436,-99.799141,NE,Furnas,Edison
68937,40.55784,-99.85638,NE,Gosper,Elwood
68937,40.55784,-99.85638,NE,Gosper,Johnson Lake
68937,40.55784,-99.85638,NE,Gosper,Johnson LK
68938,40.429297,-98.109807,NE,Clay,Fairfield
68939,40.097909,-98.95117,NE,Franklin,Ash Grove
68939,40.097909,-98.95117,NE,Franklin,Franklin
68939,40.097909,-98.95117,NE,Franklin,Macon
68940,40.466264,-99.248065,NE,Phelps,Anderson
68940,40.466264,-99.248065,NE,Phelps,Funk
68941,40.483464,-98.219562,NE,Clay,Glenvil
68941,40.483464,-98.219562,NE,Clay,Hanover
68941,40.483464,-98.219562,NE,Clay,Little Blue
68941,40.483464,-98.219562,NE,Clay,Pauline
68942,40.072859,-98.328721,NE,Webster,Guide Rock
68943,40.009261,-97.92318,NE,Nuckolls,Hardy
68944,40.622196,-98.097457,NE,Clay,Harvard
68945,40.569121,-98.779825,NE,Kearney,Eaton
68945,40.569121,-98.779825,NE,Kearney,Heartwell
68946,40.089534,-99.970161,NE,Furnas,Hendley
68947,40.337326,-99.045308,NE,Franklin,Hildreth
68948,40.305242,-100.000159,NE,Furnas,Holbrook
68949,40.4408,-99.370426,NE,Phelps,Holdrege
68949,40.4408,-99.370426,NE,Phelps,Holdridge
68949,40.4408,-99.370426,NE,Phelps,Prairie
68949,40.4408,-99.370426,NE,Phelps,Ragan
68949,40.4408,-99.370426,NE,Phelps,Sheridan
68950,40.434655,-98.666771,NE,Adams,Denver
68950,40.434655,-98.666771,NE,Adams,Holstein
68952,40.085139,-98.667264,NE,Webster,Inavale
68954,40.571077,-98.228337,NE,Clay,Inland
68955,40.58748,-98.51676,NE,Adams,Assumption
68955,40.58748,-98.51676,NE,Adams,Hayland
68955,40.58748,-98.51676,NE,Adams,Juniata
68956,40.625091,-98.657971,NE,Adams,Denman
68956,40.625091,-98.657971,NE,Adams,Kenesaw
68956,40.625091,-98.657971,NE,Adams,Wanda
68957,40.261367,-98.214325,NE,Nuckolls,Lawrence
68957,40.261367,-98.214325,NE,Nuckolls,Mount Clare
68957,40.261367,-98.214325,NE,Nuckolls,St Stephens
68958,40.475637,-99.508161,NE,Phelps,Laird
68958,40.475637,-99.508161,NE,Phelps,Loomis
68959,40.493757,-98.949409,NE,Kearney,Cosmo
68959,40.493757,-98.949409,NE,Kearney,Minden
68959,40.493757,-98.949409,NE,Kearney,Norman
68959,40.493757,-98.949409,NE,Kearney,South Minden
68960,40.075142,-99.139486,NE,Franklin,Naponee
68961,40.198823,-98.070094,NE,Nuckolls,Nelson
68961,40.198823,-98.070094,NE,Nuckolls,Nora
68964,40.261972,-97.878336,NE,Nuckolls,Oak
68966,40.176268,-99.461273,NE,Harlan,Orleans
68967,40.251107,-99.635999,NE,Furnas,Albany
68967,40.251107,-99.635999,NE,Furnas,Hollinger
68967,40.251107,-99.635999,NE,Furnas,Mascot
68967,40.251107,-99.635999,NE,Furnas,Oxford
68967,40.251107,-99.635999,NE,Furnas,Reuben
68967,40.251107,-99.635999,NE,Furnas,Spring Grove
68969,40.310839,-99.25462,NE,Harlan,Holdrege
68969,40.310839,-99.25462,NE,Harlan,Ragan
68969,40.310839,-99.25462,NE,Harlan,Scandinavia
68970,40.107696,-98.518914,NE,Webster,Red Cloud
68971,40.100098,-99.231767,NE,Harlan,Huntley
68971,40.100098,-99.231767,NE,Harlan,Mullally
68971,40.100098,-99.231767,NE,Harlan,Repub City
68971,40.100098,-99.231767,NE,Harlan,Republican City
68972,40.11299,-98.813748,NE,Franklin,Riverton
68973,40.437498,-98.550739,NE,Adams,Roseland
68973,40.437498,-98.550739,NE,Adams,Silver Lake
68974,40.129971,-97.877465,NE,Nuckolls,Ruskin
68975,40.570578,-97.938162,NE,Clay,Saronville
68976,40.587296,-99.859973,NE,Gosper,Smithfield
68977,40.089103,-99.575329,NE,Harlan,Precept
68977,40.089103,-99.575329,NE,Harlan,Sappa
68977,40.089103,-99.575329,NE,Harlan,Stamford
68978,40.020913,-98.064163,NE,Nuckolls,Bostwick
68978,40.020913,-98.064163,NE,Nuckolls,Cadams
68978,40.020913,-98.064163,NE,Nuckolls,Superior
68979,40.605438,-97.861006,NE,Clay,Bixby
68979,40.605438,-97.861006,NE,Clay,School Creek
68979,40.605438,-97.861006,NE,Clay,Sutton
68980,40.627431,-98.095825,NE,Clay,Leicester
68980,40.627431,-98.095825,NE,Clay,Trumbull
68981,40.306386,-98.894267,NE,Franklin,Upland
68982,40.392938,-99.121319,NE,Kearney,Lake
68982,40.392938,-99.121319,NE,Kearney,Oneida
68982,40.392938,-99.121319,NE,Kearney,Sherman
68982,40.392938,-99.121319,NE,Kearney,Wilcox
69001,40.176361,-100.65334,NE,Red Willow,Mc Cook
69001,40.176361,-100.65334,NE,Red Willow,McCook
69020,40.253074,-100.305798,NE,Red Willow,Bartley
69021,40.051824,-101.532367,NE,Dundy,Benkelman
69021,40.051824,-101.532367,NE,Dundy,Doane
69022,40.285841,-100.171518,NE,Furnas,Cambridge
69023,40.57241,-101.97858,NE,Chase,Champion
69023,40.57241,-101.97858,NE,Chase,Lamar
69024,40.228479,-100.838653,NE,Hitchcock,Culbertson
69025,40.632762,-100.512458,NE,Frontier,Curtis
69026,40.044247,-100.420473,NE,Red Willow,Danbury
69027,40.480349,-101.515048,NE,Chase,Enders
69028,40.659907,-100.032461,NE,Frontier,Eustis
69029,40.708789,-100.213088,NE,Dawson,Farnam
69030,40.160205,-101.94528,NE,Dundy,Haigler
69030,40.160205,-101.94528,NE,Dundy,Sanborn
69032,40.542924,-101.033581,NE,Hayes,Hayes Center
69033,40.519882,-101.644043,NE,Chase,Imperial
69034,40.23876,-100.420615,NE,Red Willow,Indianola
69036,40.086094,-100.246584,NE,Red Willow,Lebanon
69037,40.111864,-101.380433,NE,Dundy,Max
69038,40.526811,-100.66663,NE,Frontier,Maywood
69039,40.54889,-100.287277,NE,Frontier,Moorefield
69040,40.293079,-101.075084,NE,Hitchcock,Hamlet
69040,40.293079,-101.075084,NE,Hitchcock,Palisade
69041,40.174827,-101.766836,NE,Dundy,Parks
69042,40.482959,-100.381585,NE,Frontier,Stockville
69043,40.149059,-101.228232,NE,Hitchcock,Stratton
69044,40.134519,-101.039622,NE,Hitchcock,Trenton
69045,40.414392,-101.371343,NE,Chase,Wauneta
69046,40.091024,-100.135732,NE,Furnas,Wilsonville
69101,41.133414,-100.771684,NE,Lincoln,North Platte
69103,41.136419,-100.767544,NE,Lincoln,North Platte
69120,41.425135,-100.195601,NE,Custer,Arnold
69120,41.425135,-100.195601,NE,Custer,Cliff
69121,41.570396,-101.694174,NE,Arthur,Arthur
69122,41.109609,-102.144422,NE,Deuel,Big Springs
69123,41.06212,-100.373638,NE,Lincoln,Brady
69125,41.598355,-102.850741,NE,Morrill,Broadwater
69127,41.093785,-101.889393,NE,Keith,Brule
69128,41.194059,-103.92275,NE,Kimball,Bushnell
69129,41.09273,-102.4704,NE,Deuel,Chappell
69130,40.861917,-99.983057,NE,Dawson,Cozad
69130,40.861917,-99.983057,NE,Dawson,Darr
69131,41.408249,-102.969507,NE,Cheyenne,Dalton
69132,40.816152,-100.991147,NE,Lincoln,Dickens
69132,40.816152,-100.991147,NE,Lincoln,Wellfleet
69133,41.200815,-103.468834,NE,Kimball,Dix
69133,41.200815,-103.468834,NE,Kimball,Jacinto
69134,40.851137,-101.366563,NE,Perkins,Elsie
69135,42.291393,-100.289209,NE,Cherry,Elsmere
69138,40.931096,-100.161748,NE,Dawson,Gothenburg
69140,40.86102,-101.7084,NE,Perkins,Brandon
69140,40.86102,-101.7084,NE,Perkins,Grant
69141,41.283246,-102.992375,NE,Cheyenne,Gurley
69142,41.890944,-100.352183,NE,Thomas,Halsey
69143,41.150252,-101.004063,NE,Lincoln,Hershey
69144,41.304038,-101.607568,NE,Keith,Keystone
69145,41.234572,-103.657979,NE,Kimball,Kimball
69146,41.337848,-101.877466,NE,Keith,Lemoyne
69147,41.44111,-102.10952,NE,Garden,Lewellen
69148,41.567373,-102.545654,NE,Garden,Lisco
69149,41.16786,-102.65556,NE,Cheyenne,Lodgepole
69149,41.16786,-102.65556,NE,Cheyenne,Sunol
69150,40.85238,-101.534267,NE,Perkins,Madrid
69151,41.081286,-100.523552,NE,Lincoln,Bignell
69151,41.081286,-100.523552,NE,Lincoln,Maxwell
69152,42.040896,-101.045057,NE,Hooker,Mullen
69153,41.15496,-101.67744,NE,Keith,Ogallala
69153,41.15496,-101.67744,NE,Keith,Roscoe
69154,41.40828,-102.349472,NE,Garden,Kowanda
69154,41.40828,-102.349472,NE,Garden,Oshkosh
69154,41.40828,-102.349472,NE,Garden,Penn
69155,41.211049,-101.375901,NE,Keith,Bucktail
69155,41.211049,-101.375901,NE,Keith,Paxton
69155,41.211049,-101.375901,NE,Keith,Sarben
69155,41.211049,-101.375901,NE,Keith,Thune
69156,41.220036,-103.314887,NE,Cheyenne,Potter
69157,41.960068,-100.103031,NE,Blaine,Purdum
69160,41.141884,-102.978079,NE,Cheyenne,Cabelas Inc
69160,41.141884,-102.978079,NE,Cheyenne,Sidney
69161,41.91383,-100.764572,NE,Thomas,Seneca
69162,41.13132,-103.03158,NE,Cheyenne,Brownson
69162,41.13132,-103.03158,NE,Cheyenne,Colton
69162,41.13132,-103.03158,NE,Cheyenne,Lorenzo
69162,41.13132,-103.03158,NE,Cheyenne,Sidney
69163,41.5077,-100.4928,NE,Logan,Gandy
69163,41.5077,-100.4928,NE,Logan,Stapleton
69165,41.162515,-101.123437,NE,Lincoln,Flats
69165,41.162515,-101.123437,NE,Lincoln,Sutherland
69166,41.978979,-100.570282,NE,Thomas,Brownlee
69166,41.978979,-100.570282,NE,Thomas,Thedford
69167,41.56884,-101.061231,NE,McPherson,Ringgold
69167,41.56884,-101.061231,NE,McPherson,Tryon
69168,40.849784,-101.93608,NE,Perkins,Venango
69169,40.83613,-101.159212,NE,Lincoln,Wallace
69170,40.796412,-100.729124,NE,Lincoln,Wellfleet
69171,40.852075,-100.026775,NE,Dawson,Willow Island
69190,41.40818,-102.343473,NE,Garden,Cabela's
69190,41.40818,-102.343473,NE,Garden,Oshkosh
69201,42.876491,-100.569122,NE,Cherry,Eli
69201,42.876491,-100.569122,NE,Cherry,Valentine
69210,42.548318,-99.85919,NE,Brown,Ainsworth
69211,42.93588,-101.25346,NE,Cherry,Cody
69212,42.899594,-100.794946,NE,Cherry,Crookston
69214,42.459054,-100.070999,NE,Brown,Johnstown
69216,42.873857,-101.013927,NE,Cherry,Kilgore
69217,42.436196,-99.750801,NE,Brown,Long Pine
69218,42.92159,-101.70665,NE,Cherry,Merriman
69219,42.92542,-101.102445,NE,Cherry,Nenzel
69220,42.938895,-100.25996,NE,Cherry,Sparks
69221,42.630562,-100.298622,NE,Cherry,Wood Lake
69301,42.12438,-102.8964,NE,Box Butte,Alliance
69301,42.12438,-102.8964,NE,Box Butte,Berea
69331,41.895889,-103.070624,NE,Morrill,Angora
69333,41.908275,-101.952587,NE,Grant,Ashby
69333,41.908275,-101.952587,NE,Grant,Survey
69334,41.759415,-103.322311,NE,Morrill,Bayard
69335,42.266896,-102.155767,NE,Sheridan,Bingham
69336,41.67474,-103.05426,NE,Morrill,Bridgeport
69336,41.67474,-103.05426,NE,Morrill,Northport
69336,41.67474,-103.05426,NE,Morrill,Redington
69337,42.831016,-103.001366,NE,Dawes,Chadron
69339,42.65832,-103.40994,NE,Dawes,Crawford
69339,42.65832,-103.40994,NE,Dawes,Fort Robinson
69339,42.65832,-103.40994,NE,Dawes,Glen
69340,42.174219,-102.458438,NE,Sheridan,Antioch
69340,42.174219,-102.458438,NE,Sheridan,Ellsworth
69341,41.80464,-103.71696,NE,Scotts Bluff,Gering
69341,41.80464,-103.71696,NE,Scotts Bluff,Terrytown
69343,42.808801,-102.202166,NE,Sheridan,Clinton
69343,42.808801,-102.202166,NE,Sheridan,Gordon
69345,41.547935,-103.710058,NE,Banner,Harrisburg
69346,42.688129,-103.88256,NE,Sioux,Harrison
69347,42.682114,-102.690841,NE,Sheridan,Hay Springs
69348,42.316869,-103.075882,NE,Box Butte,Dunlap
69348,42.316869,-103.075882,NE,Box Butte,Hemingford
69350,42.002999,-101.762656,NE,Grant,Hyannis
69351,42.073311,-102.407964,NE,Sheridan,Lakeside
69352,41.914106,-104.037046,NE,Scotts Bluff,Lyman
69353,41.785535,-103.681149,NE,Scotts Bluff,Mc Grew
69353,41.785535,-103.681149,NE,Scotts Bluff,McGrew
69354,42.527744,-103.106295,NE,Dawes,Marsland
69355,41.781301,-103.682107,NE,Scotts Bluff,Melbeta
69356,41.853491,-103.615644,NE,Scotts Bluff,Minatare
69357,41.940372,-103.80844,NE,Scotts Bluff,Haig
69357,41.940372,-103.80844,NE,Scotts Bluff,Mitchell
69358,41.962994,-103.926289,NE,Scotts Bluff,Henry
69358,41.962994,-103.926289,NE,Scotts Bluff,Morrill
69358,41.962994,-103.926289,NE,Scotts Bluff,Stegall
69360,42.719148,-102.456609,NE,Sheridan,Rushville
69361,41.866912,-103.658986,NE,Scotts Bluff,Scottsbluff
69363,41.868379,-103.658193,NE,Scotts Bluff,Scottsbluff
69365,42.99652,-102.55571,NE,Sheridan,Whiteclay
69366,41.918254,-101.535684,NE,Grant,Whitman
69367,42.739218,-103.225707,NE,Dawes,Hay Springs
69367,42.739218,-103.225707,NE,Dawes,Whitney
