CREATE TABLE `__DB_PREFIX__advcompQuest_answer` (
  `aid` int(11) NOT NULL auto_increment,
  `qid` int(11) NOT NULL default '0',
  `qcid` int(11) NOT NULL default '0',
  `answer` int(11) NOT NULL default '0',
  `uid` int(11) NOT NULL default '0',
  PRIMARY KEY  (`aid`)
) AUTO_INCREMENT=1 ;

CREATE TABLE `__DB_PREFIX__advcompQuest_content` (
  `qcid` int(11) NOT NULL auto_increment,
  `answer` text NOT NULL,
  `qid` int(11) NOT NULL default '0',
  `ord` int(11) NOT NULL default '0',
  PRIMARY KEY  (`qcid`)
) AUTO_INCREMENT=582 ;

INSERT INTO `__DB_PREFIX__advcompQuest_content` VALUES (1, 'Warm', 1, 1);
INSERT INTO `__DB_PREFIX__advcompQuest_content` VALUES (2, 'Clever', 1, 2);
INSERT INTO `__DB_PREFIX__advcompQuest_content` VALUES (3, 'Dominant', 1, 3);
INSERT INTO `__DB_PREFIX__advcompQuest_content` VALUES (4, 'Ambitious', 1, 4);
INSERT INTO `__DB_PREFIX__advcompQuest_content` VALUES (5, 'Outgoing', 1, 5);
INSERT INTO `__DB_PREFIX__advcompQuest_content` VALUES (6, 'Agreeable', 1, 6);
INSERT INTO `__DB_PREFIX__advcompQuest_content` VALUES (7, 'Submissive', 1, 7);
INSERT INTO `__DB_PREFIX__advcompQuest_content` VALUES (8, 'Introverted', 1, 8);
INSERT INTO `__DB_PREFIX__advcompQuest_content` VALUES (9, 'Aloof', 1, 9);
INSERT INTO `__DB_PREFIX__advcompQuest_content` VALUES (10, 'Quarrelsome', 1, 10);
INSERT INTO `__DB_PREFIX__advcompQuest_content` VALUES (11, 'Cold', 1, 11);
INSERT INTO `__DB_PREFIX__advcompQuest_content` VALUES (12, 'Arrogant', 1, 12);
INSERT INTO `__DB_PREFIX__advcompQuest_content` VALUES (13, 'Stable', 2, 1);
INSERT INTO `__DB_PREFIX__advcompQuest_content` VALUES (14, 'Energetic', 2, 2);
INSERT INTO `__DB_PREFIX__advcompQuest_content` VALUES (15, 'Spiritual', 2, 3);
INSERT INTO `__DB_PREFIX__advcompQuest_content` VALUES (16, 'Adventuresome', 2, 4);
INSERT INTO `__DB_PREFIX__advcompQuest_content` VALUES (17, 'Frugal', 2, 5);
INSERT INTO `__DB_PREFIX__advcompQuest_content` VALUES (18, 'Predictable', 2, 6);
INSERT INTO `__DB_PREFIX__advcompQuest_content` VALUES (19, 'Affectionate', 2, 7);
INSERT INTO `__DB_PREFIX__advcompQuest_content` VALUES (20, 'Organized', 2, 8);
INSERT INTO `__DB_PREFIX__advcompQuest_content` VALUES (21, 'Intelligent', 2, 9);
INSERT INTO `__DB_PREFIX__advcompQuest_content` VALUES (22, 'Compassionate', 2, 10);
INSERT INTO `__DB_PREFIX__advcompQuest_content` VALUES (23, 'Attractive', 2, 11);
INSERT INTO `__DB_PREFIX__advcompQuest_content` VALUES (24, 'Loyal', 2, 12);
INSERT INTO `__DB_PREFIX__advcompQuest_content` VALUES (25, 'Witty', 2, 13);
INSERT INTO `__DB_PREFIX__advcompQuest_content` VALUES (26, 'Neat', 2, 14);
INSERT INTO `__DB_PREFIX__advcompQuest_content` VALUES (27, 'Good Listener', 3, 1);
INSERT INTO `__DB_PREFIX__advcompQuest_content` VALUES (28, 'Caring', 3, 2);
INSERT INTO `__DB_PREFIX__advcompQuest_content` VALUES (29, 'Outgoing', 3, 3);
INSERT INTO `__DB_PREFIX__advcompQuest_content` VALUES (30, 'Creative', 3, 4);
INSERT INTO `__DB_PREFIX__advcompQuest_content` VALUES (31, 'Ambitious', 3, 5);
INSERT INTO `__DB_PREFIX__advcompQuest_content` VALUES (32, 'Intelligent', 3, 7);
INSERT INTO `__DB_PREFIX__advcompQuest_content` VALUES (33, 'Passionate', 3, 8);
INSERT INTO `__DB_PREFIX__advcompQuest_content` VALUES (34, 'Modest', 3, 9);
INSERT INTO `__DB_PREFIX__advcompQuest_content` VALUES (35, 'Spontaneous', 3, 10);
INSERT INTO `__DB_PREFIX__advcompQuest_content` VALUES (36, 'Optimistic', 3, 11);
INSERT INTO `__DB_PREFIX__advcompQuest_content` VALUES (37, 'Loyal', 3, 12);
INSERT INTO `__DB_PREFIX__advcompQuest_content` VALUES (38, 'Articulate', 3, 13);
INSERT INTO `__DB_PREFIX__advcompQuest_content` VALUES (39, 'Happy', 3, 14);
INSERT INTO `__DB_PREFIX__advcompQuest_content` VALUES (40, 'Hard Working', 3, 15);
INSERT INTO `__DB_PREFIX__advcompQuest_content` VALUES (41, 'Energetic', 3, 16);
INSERT INTO `__DB_PREFIX__advcompQuest_content` VALUES (42, 'Respectful', 3, 17);
INSERT INTO `__DB_PREFIX__advcompQuest_content` VALUES (43, 'Physically Fit', 3, 18);
INSERT INTO `__DB_PREFIX__advcompQuest_content` VALUES (44, 'Dependable', 3, 19);
INSERT INTO `__DB_PREFIX__advcompQuest_content` VALUES (45, 'Spiritual', 3, 20);
INSERT INTO `__DB_PREFIX__advcompQuest_content` VALUES (46, 'Rational', 3, 21);
INSERT INTO `__DB_PREFIX__advcompQuest_content` VALUES (47, 'Quiet', 3, 22);
INSERT INTO `__DB_PREFIX__advcompQuest_content` VALUES (48, 'Thoughtful', 3, 23);
INSERT INTO `__DB_PREFIX__advcompQuest_content` VALUES (49, 'Funny', 3, 24);
INSERT INTO `__DB_PREFIX__advcompQuest_content` VALUES (50, 'Affectionate', 3, 25);
INSERT INTO `__DB_PREFIX__advcompQuest_content` VALUES (51, 'Warm', 3, 26);
INSERT INTO `__DB_PREFIX__advcompQuest_content` VALUES (52, 'Romantic', 3, 27);
INSERT INTO `__DB_PREFIX__advcompQuest_content` VALUES (53, 'Kind', 3, 28);
INSERT INTO `__DB_PREFIX__advcompQuest_content` VALUES (54, 'Easy-Going', 3, 29);
INSERT INTO `__DB_PREFIX__advcompQuest_content` VALUES (55, 'Genuine', 3, 30);
INSERT INTO `__DB_PREFIX__advcompQuest_content` VALUES (56, 'Sweet', 3, 31);
INSERT INTO `__DB_PREFIX__advcompQuest_content` VALUES (57, 'Perceptive', 3, 32);
INSERT INTO `__DB_PREFIX__advcompQuest_content` VALUES (58, 'Generous', 3, 6);
INSERT INTO `__DB_PREFIX__advcompQuest_content` VALUES (59, 'Content', 4, 1);
INSERT INTO `__DB_PREFIX__advcompQuest_content` VALUES (60, 'Humorous', 4, 2);
INSERT INTO `__DB_PREFIX__advcompQuest_content` VALUES (61, 'Efficient', 4, 3);
INSERT INTO `__DB_PREFIX__advcompQuest_content` VALUES (62, 'Artistic', 4, 4);
INSERT INTO `__DB_PREFIX__advcompQuest_content` VALUES (63, 'Perfectionist', 4, 5);
INSERT INTO `__DB_PREFIX__advcompQuest_content` VALUES (64, 'Creative', 4, 6);
INSERT INTO `__DB_PREFIX__advcompQuest_content` VALUES (65, 'Spontaneous', 4, 7);
INSERT INTO `__DB_PREFIX__advcompQuest_content` VALUES (66, 'Sensitive', 4, 8);
INSERT INTO `__DB_PREFIX__advcompQuest_content` VALUES (67, 'Under-Achiever', 4, 9);
INSERT INTO `__DB_PREFIX__advcompQuest_content` VALUES (68, 'Generous', 4, 10);
INSERT INTO `__DB_PREFIX__advcompQuest_content` VALUES (69, 'Intellectual', 4, 11);
INSERT INTO `__DB_PREFIX__advcompQuest_content` VALUES (70, 'Moral', 4, 12);
INSERT INTO `__DB_PREFIX__advcompQuest_content` VALUES (71, 'Disciplined', 4, 13);
INSERT INTO `__DB_PREFIX__advcompQuest_content` VALUES (72, 'Adaptable', 4, 14);
INSERT INTO `__DB_PREFIX__advcompQuest_content` VALUES (73, 'Communicative', 5, 1);
INSERT INTO `__DB_PREFIX__advcompQuest_content` VALUES (74, 'Honest', 5, 2);
INSERT INTO `__DB_PREFIX__advcompQuest_content` VALUES (75, 'Sensual', 5, 3);
INSERT INTO `__DB_PREFIX__advcompQuest_content` VALUES (76, 'Liberal', 5, 4);
INSERT INTO `__DB_PREFIX__advcompQuest_content` VALUES (77, 'Charming', 5, 5);
INSERT INTO `__DB_PREFIX__advcompQuest_content` VALUES (78, 'Patient', 5, 6);
INSERT INTO `__DB_PREFIX__advcompQuest_content` VALUES (79, 'Reliable', 5, 7);
INSERT INTO `__DB_PREFIX__advcompQuest_content` VALUES (80, 'Resilient', 5, 8);
INSERT INTO `__DB_PREFIX__advcompQuest_content` VALUES (81, 'Optimistic', 5, 9);
INSERT INTO `__DB_PREFIX__advcompQuest_content` VALUES (82, 'Conservative', 5, 10);
INSERT INTO `__DB_PREFIX__advcompQuest_content` VALUES (83, 'Passionate', 5, 11);
INSERT INTO `__DB_PREFIX__advcompQuest_content` VALUES (84, 'Reflective', 5, 12);
INSERT INTO `__DB_PREFIX__advcompQuest_content` VALUES (85, 'Caring', 5, 13);
INSERT INTO `__DB_PREFIX__advcompQuest_content` VALUES (86, 'Genuine', 5, 14);
INSERT INTO `__DB_PREFIX__advcompQuest_content` VALUES (87, 'Open', 5, 15);
INSERT INTO `__DB_PREFIX__advcompQuest_content` VALUES (88, 'Self-aware', 6, 1);
INSERT INTO `__DB_PREFIX__advcompQuest_content` VALUES (89, 'Competitive', 6, 2);
INSERT INTO `__DB_PREFIX__advcompQuest_content` VALUES (90, 'Over-Achiever', 6, 3);
INSERT INTO `__DB_PREFIX__advcompQuest_content` VALUES (91, 'Vivacious', 6, 4);
INSERT INTO `__DB_PREFIX__advcompQuest_content` VALUES (92, 'Wise', 6, 5);
INSERT INTO `__DB_PREFIX__advcompQuest_content` VALUES (93, 'Bossy', 6, 6);
INSERT INTO `__DB_PREFIX__advcompQuest_content` VALUES (94, 'Leader', 6, 7);
INSERT INTO `__DB_PREFIX__advcompQuest_content` VALUES (95, 'Irritable', 6, 8);
INSERT INTO `__DB_PREFIX__advcompQuest_content` VALUES (96, 'Show-off', 6, 9);
INSERT INTO `__DB_PREFIX__advcompQuest_content` VALUES (97, 'Kind', 6, 10);
INSERT INTO `__DB_PREFIX__advcompQuest_content` VALUES (98, 'Calm', 6, 11);
INSERT INTO `__DB_PREFIX__advcompQuest_content` VALUES (99, 'Aggresive', 6, 12);
INSERT INTO `__DB_PREFIX__advcompQuest_content` VALUES (100, 'Persistent', 6, 13);
INSERT INTO `__DB_PREFIX__advcompQuest_content` VALUES (101, 'Outspoken', 7, 1);
INSERT INTO `__DB_PREFIX__advcompQuest_content` VALUES (102, 'Follower', 7, 2);
INSERT INTO `__DB_PREFIX__advcompQuest_content` VALUES (103, 'Rational', 7, 3);
INSERT INTO `__DB_PREFIX__advcompQuest_content` VALUES (104, 'Opinionated', 7, 4);
INSERT INTO `__DB_PREFIX__advcompQuest_content` VALUES (105, 'Restless', 7, 5);
INSERT INTO `__DB_PREFIX__advcompQuest_content` VALUES (106, 'Romantic', 7, 6);
INSERT INTO `__DB_PREFIX__advcompQuest_content` VALUES (107, 'Selfish', 7, 7);
INSERT INTO `__DB_PREFIX__advcompQuest_content` VALUES (108, 'Shy', 7, 8);
INSERT INTO `__DB_PREFIX__advcompQuest_content` VALUES (109, 'Stubborn', 7, 9);
INSERT INTO `__DB_PREFIX__advcompQuest_content` VALUES (110, 'Trusting', 7, 10);
INSERT INTO `__DB_PREFIX__advcompQuest_content` VALUES (111, 'Jealous', 7, 11);
INSERT INTO `__DB_PREFIX__advcompQuest_content` VALUES (112, 'I enjoy many different types of recreational activities.', 8, 1);
INSERT INTO `__DB_PREFIX__advcompQuest_content` VALUES (113, 'I always read ALL of the warning literature on side-effects before taking any medication.', 8, 2);
INSERT INTO `__DB_PREFIX__advcompQuest_content` VALUES (114, 'I sometimes drive faster than the posted speed-limit.', 8, 3);
INSERT INTO `__DB_PREFIX__advcompQuest_content` VALUES (115, 'If a store-clerk gave me too much change, I might keep it without telling them.', 8, 4);
INSERT INTO `__DB_PREFIX__advcompQuest_content` VALUES (116, 'I generally want to come out ahead.', 8, 5);
INSERT INTO `__DB_PREFIX__advcompQuest_content` VALUES (117, 'I frequently have to work to overcome my shyness.', 8, 6);
INSERT INTO `__DB_PREFIX__advcompQuest_content` VALUES (118, 'I like some people just because they are popular with others.', 8, 7);
INSERT INTO `__DB_PREFIX__advcompQuest_content` VALUES (119, 'I dislike some people.', 8, 8);
INSERT INTO `__DB_PREFIX__advcompQuest_content` VALUES (120, 'I never worry about work-related issues.', 8, 9);
INSERT INTO `__DB_PREFIX__advcompQuest_content` VALUES (121, 'I sometimes waste time when I should be working.', 8, 10);
INSERT INTO `__DB_PREFIX__advcompQuest_content` VALUES (122, 'I would never lie, even if it wouldn''t hurt anyone.', 8, 11);
INSERT INTO `__DB_PREFIX__advcompQuest_content` VALUES (123, 'I do not give as much to charity as I could afford to financially.', 8, 12);
INSERT INTO `__DB_PREFIX__advcompQuest_content` VALUES (124, 'At times I have raise my voice in anger.', 8, 13);
INSERT INTO `__DB_PREFIX__advcompQuest_content` VALUES (125, 'I don''t care what other people think about me.', 8, 14);
INSERT INTO `__DB_PREFIX__advcompQuest_content` VALUES (126, 'I am sometimes tempted to make fun of people behind their backs.', 8, 15);
INSERT INTO `__DB_PREFIX__advcompQuest_content` VALUES (127, 'There are times when I am envious of other people''s possessions.', 8, 16);
INSERT INTO `__DB_PREFIX__advcompQuest_content` VALUES (128, 'My house is often cleaner when I have company coming over.', 8, 17);
INSERT INTO `__DB_PREFIX__advcompQuest_content` VALUES (129, 'I sometimes wish that certain other people would fail.', 8, 18);
INSERT INTO `__DB_PREFIX__advcompQuest_content` VALUES (130, 'I am always even-tempered.', 8, 19);
INSERT INTO `__DB_PREFIX__advcompQuest_content` VALUES (131, 'I enjoy a good joke', 9, 1);
INSERT INTO `__DB_PREFIX__advcompQuest_content` VALUES (132, 'I enjoy work for work''s sake', 9, 2);
INSERT INTO `__DB_PREFIX__advcompQuest_content` VALUES (133, 'I enjoy mingling with people on social occasions', 9, 3);
INSERT INTO `__DB_PREFIX__advcompQuest_content` VALUES (134, 'I like reading everything I can about a subject', 9, 4);
INSERT INTO `__DB_PREFIX__advcompQuest_content` VALUES (135, 'I am satisfied with my level of emotional development', 9, 5);
INSERT INTO `__DB_PREFIX__advcompQuest_content` VALUES (136, 'I like to spend my spare time being physically active', 9, 6);
INSERT INTO `__DB_PREFIX__advcompQuest_content` VALUES (137, 'I am able to express myself in unique ways (e.g., words, music, art)', 9, 7);
INSERT INTO `__DB_PREFIX__advcompQuest_content` VALUES (138, 'My personal religious beliefs are important to me', 9, 8);
INSERT INTO `__DB_PREFIX__advcompQuest_content` VALUES (139, 'I have a high desire for sexual activity', 9, 9);
INSERT INTO `__DB_PREFIX__advcompQuest_content` VALUES (140, 'I strive to advance in my career', 9, 10);
INSERT INTO `__DB_PREFIX__advcompQuest_content` VALUES (141, 'I take great pleasure in knowing I have done a good job, whether or not others recognize it', 9, 11);
INSERT INTO `__DB_PREFIX__advcompQuest_content` VALUES (142, 'It is easy for me to engage in conversations with people I have just met', 9, 12);
INSERT INTO `__DB_PREFIX__advcompQuest_content` VALUES (143, 'I tend to think "outside the box"', 9, 13);
INSERT INTO `__DB_PREFIX__advcompQuest_content` VALUES (144, 'I view myself as well adjusted', 9, 14);
INSERT INTO `__DB_PREFIX__advcompQuest_content` VALUES (145, 'I an a good artist', 9, 15);
INSERT INTO `__DB_PREFIX__advcompQuest_content` VALUES (146, 'My faith affects my life', 9, 16);
INSERT INTO `__DB_PREFIX__advcompQuest_content` VALUES (147, 'I greatly appreciate the physical beauty of the opposite sex', 9, 17);
INSERT INTO `__DB_PREFIX__advcompQuest_content` VALUES (148, 'I often see humor in everyday life', 9, 18);
INSERT INTO `__DB_PREFIX__advcompQuest_content` VALUES (149, 'It is important for me to be viewed by others as a succesfull person', 9, 19);
INSERT INTO `__DB_PREFIX__advcompQuest_content` VALUES (150, 'I feel a bit guilty if I am not being productive', 9, 20);
INSERT INTO `__DB_PREFIX__advcompQuest_content` VALUES (151, 'Being in settings where I will meet new people is an important part of my life', 9, 21);
INSERT INTO `__DB_PREFIX__advcompQuest_content` VALUES (152, 'I ask questions in search of information', 9, 22);
INSERT INTO `__DB_PREFIX__advcompQuest_content` VALUES (153, 'I think it is important to continually try to improve myself', 9, 23);
INSERT INTO `__DB_PREFIX__advcompQuest_content` VALUES (154, 'I care a lot about the physical shape I am in', 9, 24);
INSERT INTO `__DB_PREFIX__advcompQuest_content` VALUES (155, 'I find that going to church is a good way to meet people who benefit my social and/or professional life', 10, 1);
INSERT INTO `__DB_PREFIX__advcompQuest_content` VALUES (156, 'I like to look at people of the opposite sex', 10, 2);
INSERT INTO `__DB_PREFIX__advcompQuest_content` VALUES (157, 'I can accept the circumstances of my life as they are', 10, 3);
INSERT INTO `__DB_PREFIX__advcompQuest_content` VALUES (158, 'It is important for me to take time to "smell the roses"', 10, 4);
INSERT INTO `__DB_PREFIX__advcompQuest_content` VALUES (159, 'I take pleasure in working out', 10, 5);
INSERT INTO `__DB_PREFIX__advcompQuest_content` VALUES (160, 'I need to spend time creating things to feel satisfied', 10, 6);
INSERT INTO `__DB_PREFIX__advcompQuest_content` VALUES (161, 'My beliefs make me a better person', 10, 7);
INSERT INTO `__DB_PREFIX__advcompQuest_content` VALUES (162, 'I have an abillity to make others laugh', 10, 8);
INSERT INTO `__DB_PREFIX__advcompQuest_content` VALUES (163, 'I need to win at whatever I am involved in', 10, 9);
INSERT INTO `__DB_PREFIX__advcompQuest_content` VALUES (164, 'I work much better if people follow me lead', 10, 10);
INSERT INTO `__DB_PREFIX__advcompQuest_content` VALUES (165, 'My emotions are generally stable', 10, 11);
INSERT INTO `__DB_PREFIX__advcompQuest_content` VALUES (166, 'I am proud of my educational background', 10, 12);
INSERT INTO `__DB_PREFIX__advcompQuest_content` VALUES (167, 'If I am not in control of a situation it is better if I leave', 10, 13);
INSERT INTO `__DB_PREFIX__advcompQuest_content` VALUES (168, 'My friends come to me when they are in difficult times because they know I can handle emotional crises', 10, 14);
INSERT INTO `__DB_PREFIX__advcompQuest_content` VALUES (169, 'I am more comfortable being a follower than a leader', 10, 15);
INSERT INTO `__DB_PREFIX__advcompQuest_content` VALUES (170, 'I get upset easily', 10, 16);
INSERT INTO `__DB_PREFIX__advcompQuest_content` VALUES (171, 'People who are controlling irritate me', 10, 17);
INSERT INTO `__DB_PREFIX__advcompQuest_content` VALUES (172, 'I think it is important to express my feelings whether they are positive or negative', 10, 18);
INSERT INTO `__DB_PREFIX__advcompQuest_content` VALUES (173, 'I prefer not to be around people who have emotional swings', 10, 19);
INSERT INTO `__DB_PREFIX__advcompQuest_content` VALUES (174, 'I tend to either like someone a lot or dislike him/her a lot', 10, 20);
INSERT INTO `__DB_PREFIX__advcompQuest_content` VALUES (175, 'I like to be pampered', 10, 21);
INSERT INTO `__DB_PREFIX__advcompQuest_content` VALUES (176, 'I generally feel better when I am around other people', 10, 22);
INSERT INTO `__DB_PREFIX__advcompQuest_content` VALUES (177, 'When I get mad I tend to take it out on someone', 10, 23);
INSERT INTO `__DB_PREFIX__advcompQuest_content` VALUES (178, 'Art', 11, 1);
INSERT INTO `__DB_PREFIX__advcompQuest_content` VALUES (179, 'Astrology', 11, 2);
INSERT INTO `__DB_PREFIX__advcompQuest_content` VALUES (180, 'Bicycling', 11, 4);
INSERT INTO `__DB_PREFIX__advcompQuest_content` VALUES (181, 'Board Games', 11, 5);
INSERT INTO `__DB_PREFIX__advcompQuest_content` VALUES (182, 'Camping', 11, 6);
INSERT INTO `__DB_PREFIX__advcompQuest_content` VALUES (183, 'Cars', 11, 7);
INSERT INTO `__DB_PREFIX__advcompQuest_content` VALUES (184, 'Chess', 11, 8);
INSERT INTO `__DB_PREFIX__advcompQuest_content` VALUES (185, 'Church involvement', 11, 9);
INSERT INTO `__DB_PREFIX__advcompQuest_content` VALUES (186, 'Conversation', 11, 10);
INSERT INTO `__DB_PREFIX__advcompQuest_content` VALUES (187, 'Cooking', 11, 11);
INSERT INTO `__DB_PREFIX__advcompQuest_content` VALUES (188, 'Dining Out', 11, 12);
INSERT INTO `__DB_PREFIX__advcompQuest_content` VALUES (189, 'Eating', 11, 13);
INSERT INTO `__DB_PREFIX__advcompQuest_content` VALUES (190, 'Exercising', 11, 14);
INSERT INTO `__DB_PREFIX__advcompQuest_content` VALUES (191, 'Extreme Sports', 11, 15);
INSERT INTO `__DB_PREFIX__advcompQuest_content` VALUES (192, 'Family', 11, 16);
INSERT INTO `__DB_PREFIX__advcompQuest_content` VALUES (193, 'Foreign Films', 11, 17);
INSERT INTO `__DB_PREFIX__advcompQuest_content` VALUES (194, 'Friendship', 11, 18);
INSERT INTO `__DB_PREFIX__advcompQuest_content` VALUES (195, 'Astronomy', 11, 3);
INSERT INTO `__DB_PREFIX__advcompQuest_content` VALUES (196, 'Gardening', 12, 1);
INSERT INTO `__DB_PREFIX__advcompQuest_content` VALUES (197, 'Genealogy', 12, 2);
INSERT INTO `__DB_PREFIX__advcompQuest_content` VALUES (198, 'History', 12, 3);
INSERT INTO `__DB_PREFIX__advcompQuest_content` VALUES (199, 'Horseback Riding', 12, 4);
INSERT INTO `__DB_PREFIX__advcompQuest_content` VALUES (200, 'Hosting/Entertaining', 12, 5);
INSERT INTO `__DB_PREFIX__advcompQuest_content` VALUES (201, 'Hunting/Fishing', 12, 6);
INSERT INTO `__DB_PREFIX__advcompQuest_content` VALUES (202, 'Languages', 12, 7);
INSERT INTO `__DB_PREFIX__advcompQuest_content` VALUES (203, 'Learning', 12, 8);
INSERT INTO `__DB_PREFIX__advcompQuest_content` VALUES (204, 'Listening to Music', 12, 9);
INSERT INTO `__DB_PREFIX__advcompQuest_content` VALUES (205, 'Live Music', 12, 10);
INSERT INTO `__DB_PREFIX__advcompQuest_content` VALUES (205, 'Marathons', 12, 11);
INSERT INTO `__DB_PREFIX__advcompQuest_content` VALUES (207, 'Martial Arts', 12, 12);
INSERT INTO `__DB_PREFIX__advcompQuest_content` VALUES (208, 'Motor Sports', 12, 13);
INSERT INTO `__DB_PREFIX__advcompQuest_content` VALUES (209, 'Movies', 12, 14);
INSERT INTO `__DB_PREFIX__advcompQuest_content` VALUES (210, 'Musicals', 12, 15);
INSERT INTO `__DB_PREFIX__advcompQuest_content` VALUES (211, 'Painting', 12, 16);
INSERT INTO `__DB_PREFIX__advcompQuest_content` VALUES (212, 'Participating in sports', 12, 17);
INSERT INTO `__DB_PREFIX__advcompQuest_content` VALUES (213, 'Parties', 12, 18);
INSERT INTO `__DB_PREFIX__advcompQuest_content` VALUES (214, 'Philosophy', 12, 19);
INSERT INTO `__DB_PREFIX__advcompQuest_content` VALUES (215, 'Piloting Small Aircraft', 12, 20);
INSERT INTO `__DB_PREFIX__advcompQuest_content` VALUES (216, 'Politics', 12, 21);
INSERT INTO `__DB_PREFIX__advcompQuest_content` VALUES (217, 'Reading', 12, 22);
INSERT INTO `__DB_PREFIX__advcompQuest_content` VALUES (218, 'Recreational Exercise', 13, 1);
INSERT INTO `__DB_PREFIX__advcompQuest_content` VALUES (219, 'Religious Community', 13, 2);
INSERT INTO `__DB_PREFIX__advcompQuest_content` VALUES (220, 'Religious Faith', 13, 3);
INSERT INTO `__DB_PREFIX__advcompQuest_content` VALUES (221, 'Running', 13, 4);
INSERT INTO `__DB_PREFIX__advcompQuest_content` VALUES (222, 'Science', 13, 5);
INSERT INTO `__DB_PREFIX__advcompQuest_content` VALUES (223, 'Science Fiction', 13, 6);
INSERT INTO `__DB_PREFIX__advcompQuest_content` VALUES (224, 'Sharpshooting', 13, 7);
INSERT INTO `__DB_PREFIX__advcompQuest_content` VALUES (225, 'Shopping', 13, 8);
INSERT INTO `__DB_PREFIX__advcompQuest_content` VALUES (226, 'Snow Sports', 13, 9);
INSERT INTO `__DB_PREFIX__advcompQuest_content` VALUES (227, 'Talk with Friends', 13, 10);
INSERT INTO `__DB_PREFIX__advcompQuest_content` VALUES (228, 'Teaching/Coaching', 13, 11);
INSERT INTO `__DB_PREFIX__advcompQuest_content` VALUES (229, 'Technology', 13, 12);
INSERT INTO `__DB_PREFIX__advcompQuest_content` VALUES (230, 'Tennis', 13, 13);
INSERT INTO `__DB_PREFIX__advcompQuest_content` VALUES (231, 'Theater', 13, 14);
INSERT INTO `__DB_PREFIX__advcompQuest_content` VALUES (232, 'Traveling', 13, 15);
INSERT INTO `__DB_PREFIX__advcompQuest_content` VALUES (233, 'Vegetarianism', 13, 16);
INSERT INTO `__DB_PREFIX__advcompQuest_content` VALUES (234, 'Volunteering', 13, 17);
INSERT INTO `__DB_PREFIX__advcompQuest_content` VALUES (235, 'Watching TV', 13, 18);
INSERT INTO `__DB_PREFIX__advcompQuest_content` VALUES (236, 'Water Sports', 13, 19);
INSERT INTO `__DB_PREFIX__advcompQuest_content` VALUES (237, 'Wildlife Conservation', 13, 20);
INSERT INTO `__DB_PREFIX__advcompQuest_content` VALUES (238, 'Woodworking', 13, 21);
INSERT INTO `__DB_PREFIX__advcompQuest_content` VALUES (239, 'Writing', 13, 22);
INSERT INTO `__DB_PREFIX__advcompQuest_content` VALUES (240, 'Happy', 14, 1);
INSERT INTO `__DB_PREFIX__advcompQuest_content` VALUES (241, 'Sad', 14, 2);
INSERT INTO `__DB_PREFIX__advcompQuest_content` VALUES (242, 'Anxious', 14, 3);
INSERT INTO `__DB_PREFIX__advcompQuest_content` VALUES (243, 'Confident', 14, 4);
INSERT INTO `__DB_PREFIX__advcompQuest_content` VALUES (244, 'Hopeful', 14, 5);
INSERT INTO `__DB_PREFIX__advcompQuest_content` VALUES (245, 'Fearful about the future', 14, 6);
INSERT INTO `__DB_PREFIX__advcompQuest_content` VALUES (246, 'Angry', 14, 7);
INSERT INTO `__DB_PREFIX__advcompQuest_content` VALUES (247, 'Calm', 14, 8);
INSERT INTO `__DB_PREFIX__advcompQuest_content` VALUES (248, 'Fortunate', 14, 9);
INSERT INTO `__DB_PREFIX__advcompQuest_content` VALUES (249, 'Out of control', 14, 10);
INSERT INTO `__DB_PREFIX__advcompQuest_content` VALUES (250, 'Fulfilled', 14, 11);
INSERT INTO `__DB_PREFIX__advcompQuest_content` VALUES (251, 'Depressed', 14, 12);
INSERT INTO `__DB_PREFIX__advcompQuest_content` VALUES (252, 'Energetic', 14, 13);
INSERT INTO `__DB_PREFIX__advcompQuest_content` VALUES (253, 'Tired', 14, 14);
INSERT INTO `__DB_PREFIX__advcompQuest_content` VALUES (254, 'Succesfull', 14, 15);
INSERT INTO `__DB_PREFIX__advcompQuest_content` VALUES (255, 'Unable to cope', 14, 16);
INSERT INTO `__DB_PREFIX__advcompQuest_content` VALUES (256, 'Satisfied', 14, 17);
INSERT INTO `__DB_PREFIX__advcompQuest_content` VALUES (257, 'Misunderstood', 14, 18);
INSERT INTO `__DB_PREFIX__advcompQuest_content` VALUES (258, 'Safe', 14, 19);
INSERT INTO `__DB_PREFIX__advcompQuest_content` VALUES (259, 'Plotted against', 14, 20);
INSERT INTO `__DB_PREFIX__advcompQuest_content` VALUES (260, 'My partner''s personal values', 15, 1);
INSERT INTO `__DB_PREFIX__advcompQuest_content` VALUES (261, 'My partner''s energy level', 15, 2);
INSERT INTO `__DB_PREFIX__advcompQuest_content` VALUES (262, 'My partner''s honesty', 15, 3);
INSERT INTO `__DB_PREFIX__advcompQuest_content` VALUES (263, 'Enjoying the way I feel around my partner', 15, 4);
INSERT INTO `__DB_PREFIX__advcompQuest_content` VALUES (264, 'My partner''s dependability', 15, 5);
INSERT INTO `__DB_PREFIX__advcompQuest_content` VALUES (265, 'My partner''s intelligence', 15, 6);
INSERT INTO `__DB_PREFIX__advcompQuest_content` VALUES (266, 'My partner''s sex appeal', 15, 7);
INSERT INTO `__DB_PREFIX__advcompQuest_content` VALUES (267, 'My partner''s love of children', 15, 8);
INSERT INTO `__DB_PREFIX__advcompQuest_content` VALUES (268, 'My partner''s beliefs', 15, 9);
INSERT INTO `__DB_PREFIX__advcompQuest_content` VALUES (269, 'My partner''s fun-loving nature', 15, 10);
INSERT INTO `__DB_PREFIX__advcompQuest_content` VALUES (270, 'My partner''s physical appearance', 15, 11);
INSERT INTO `__DB_PREFIX__advcompQuest_content` VALUES (271, 'The chemistry between me and my partner', 15, 12);
INSERT INTO `__DB_PREFIX__advcompQuest_content` VALUES (272, 'The security/safety I fell when with my partner', 15, 13);
INSERT INTO `__DB_PREFIX__advcompQuest_content` VALUES (273, 'The similarities between me and my partner', 15, 14);
INSERT INTO `__DB_PREFIX__advcompQuest_content` VALUES (274, 'The romantic attraction I feel for my partner', 15, 15);
INSERT INTO `__DB_PREFIX__advcompQuest_content` VALUES (275, 'My partner''s personality', 15, 16);
INSERT INTO `__DB_PREFIX__advcompQuest_content` VALUES (276, 'My partner''s kindness', 15, 17);
INSERT INTO `__DB_PREFIX__advcompQuest_content` VALUES (277, 'Our sexual compatibility', 15, 18);
INSERT INTO `__DB_PREFIX__advcompQuest_content` VALUES (278, 'My partner''s ability to communicate', 15, 19);
INSERT INTO `__DB_PREFIX__advcompQuest_content` VALUES (279, 'My partner''s skill at resolving conflicts', 15, 20);
INSERT INTO `__DB_PREFIX__advcompQuest_content` VALUES (280, 'My partner''s friendliness', 15, 21);
INSERT INTO `__DB_PREFIX__advcompQuest_content` VALUES (281, 'My partner''s capacity for emotional intimacy', 15, 22);
INSERT INTO `__DB_PREFIX__advcompQuest_content` VALUES (282, 'The friendship between me and my partner', 15, 23);
INSERT INTO `__DB_PREFIX__advcompQuest_content` VALUES (283, "How important is your match's religion to you?", 16, 1);
INSERT INTO `__DB_PREFIX__advcompQuest_content` VALUES (284, "How important is your match's religious denomination to you?", 16, 2);
INSERT INTO `__DB_PREFIX__advcompQuest_content` VALUES (285, 'Achieving personal goals', 17, 1);
INSERT INTO `__DB_PREFIX__advcompQuest_content` VALUES (286, 'Using humor to make friends laugh', 17, 2);
INSERT INTO `__DB_PREFIX__advcompQuest_content` VALUES (287, 'Making improvements and repairs around the house', 17, 3);
INSERT INTO `__DB_PREFIX__advcompQuest_content` VALUES (288, 'Volunteering my time to causes I care about', 17, 4);
INSERT INTO `__DB_PREFIX__advcompQuest_content` VALUES (289, 'Maintaining an organized life', 17, 5);
INSERT INTO `__DB_PREFIX__advcompQuest_content` VALUES (290, 'Managing my finances', 17, 6);
INSERT INTO `__DB_PREFIX__advcompQuest_content` VALUES (291, 'Entertaining in my home', 17, 7);
INSERT INTO `__DB_PREFIX__advcompQuest_content` VALUES (292, 'Raising and/or caring for children', 17, 8);
INSERT INTO `__DB_PREFIX__advcompQuest_content` VALUES (293, 'Leading a community service group', 17, 9);
INSERT INTO `__DB_PREFIX__advcompQuest_content` VALUES (294, 'Creating romance in a relationship', 17, 10);
INSERT INTO `__DB_PREFIX__advcompQuest_content` VALUES (295, 'Socializing', 17, 11);
INSERT INTO `__DB_PREFIX__advcompQuest_content` VALUES (296, 'Negotiating business or financial matters', 17, 12);
INSERT INTO `__DB_PREFIX__advcompQuest_content` VALUES (297, 'Creating a peaceful, beautiful, home environment', 17, 13);
INSERT INTO `__DB_PREFIX__advcompQuest_content` VALUES (298, 'Sharing my beliefs through teaching, participation, and example', 17, 14);
INSERT INTO `__DB_PREFIX__advcompQuest_content` VALUES (299, 'Keeping physically fit', 17, 15);
INSERT INTO `__DB_PREFIX__advcompQuest_content` VALUES (300, 'Remaining calm yet resilient during a crisis', 17, 16);
INSERT INTO `__DB_PREFIX__advcompQuest_content` VALUES (301, 'Helping those who are less fortunate or in need', 17, 17);
INSERT INTO `__DB_PREFIX__advcompQuest_content` VALUES (302, 'Resolving conflict', 17, 18);
INSERT INTO `__DB_PREFIX__advcompQuest_content` VALUES (303, 'Finding new adventures and unique experiences', 17, 19);
INSERT INTO `__DB_PREFIX__advcompQuest_content` VALUES (304, 'Continuing to expand my knowledge and awareness', 17, 20);
INSERT INTO `__DB_PREFIX__advcompQuest_content` VALUES (305, 'Long-term personal planning', 17, 21);
INSERT INTO `__DB_PREFIX__advcompQuest_content` VALUES (306, 'Understanding local, national, and world events', 17, 22);
INSERT INTO `__DB_PREFIX__advcompQuest_content` VALUES (307, 'Finding pleasure and contentment in simple things', 17, 23);
INSERT INTO `__DB_PREFIX__advcompQuest_content` VALUES (308, 'Making art and culture an ongoing part of my life', 17, 24);
INSERT INTO `__DB_PREFIX__advcompQuest_content` VALUES (309, 'Finding and taking on challenging activities', 17, 25);
INSERT INTO `__DB_PREFIX__advcompQuest_content` VALUES (310, 'Finding creative solutions to everyday problems', 17, 26);
INSERT INTO `__DB_PREFIX__advcompQuest_content` VALUES (311, 'Making new friends', 17, 27);
INSERT INTO `__DB_PREFIX__advcompQuest_content` VALUES (312, 'Cooking for my family and friends', 17, 28);
INSERT INTO `__DB_PREFIX__advcompQuest_content` VALUES (313, 'Earning income to provide for my family', 17, 29);
INSERT INTO `__DB_PREFIX__advcompQuest_content` VALUES (314, 'Car maintenance and repair', 17, 30);
INSERT INTO `__DB_PREFIX__advcompQuest_content` VALUES (315, 'Coordinating household schedules', 17, 31);
INSERT INTO `__DB_PREFIX__advcompQuest_content` VALUES (316, 'Achieving personal goals', 18, 1);
INSERT INTO `__DB_PREFIX__advcompQuest_content` VALUES (317, 'Using humor to make friends laugh', 18, 2);
INSERT INTO `__DB_PREFIX__advcompQuest_content` VALUES (318, 'Volunteering my time to causes I care about', 18, 3);
INSERT INTO `__DB_PREFIX__advcompQuest_content` VALUES (319, 'Managing my finances', 18, 4);
INSERT INTO `__DB_PREFIX__advcompQuest_content` VALUES (320, 'Raising and/or caring for children', 18, 5);
INSERT INTO `__DB_PREFIX__advcompQuest_content` VALUES (321, 'Creating romance in a relationship', 18, 6);
INSERT INTO `__DB_PREFIX__advcompQuest_content` VALUES (322, 'Negotiating business or financial matters', 18, 7);
INSERT INTO `__DB_PREFIX__advcompQuest_content` VALUES (323, 'Sharing my beliefs through teaching, participation, and example', 18, 8);
INSERT INTO `__DB_PREFIX__advcompQuest_content` VALUES (324, 'Remaining calm yet resilient during a crisis', 18, 9);
INSERT INTO `__DB_PREFIX__advcompQuest_content` VALUES (325, 'Helping those who are less fortunate or in need', 18, 10);
INSERT INTO `__DB_PREFIX__advcompQuest_content` VALUES (326, 'Finding new adventures and unique experiences', 18, 11);
INSERT INTO `__DB_PREFIX__advcompQuest_content` VALUES (327, 'Long-term personal planning', 18, 12);
INSERT INTO `__DB_PREFIX__advcompQuest_content` VALUES (328, 'Finding pleasure and contentment in simple things', 18, 13);
INSERT INTO `__DB_PREFIX__advcompQuest_content` VALUES (329, 'Finding and taking on challenging activities', 18, 14);
INSERT INTO `__DB_PREFIX__advcompQuest_content` VALUES (330, 'Making new friends', 18, 15);
INSERT INTO `__DB_PREFIX__advcompQuest_content` VALUES (331, 'Earning income to provide for my family', 18, 16);
INSERT INTO `__DB_PREFIX__advcompQuest_content` VALUES (332, 'Coordinating household schedules', 18, 17);
INSERT INTO `__DB_PREFIX__advcompQuest_content` VALUES (333, 'Maintaining a network of close friends', 18, 18);
INSERT INTO `__DB_PREFIX__advcompQuest_content` VALUES (334, 'Making improvements and repairs around the house', 18, 19);
INSERT INTO `__DB_PREFIX__advcompQuest_content` VALUES (335, 'Maintaining an organized life', 18, 20);
INSERT INTO `__DB_PREFIX__advcompQuest_content` VALUES (336, 'Entertaining in my home', 18, 21);
INSERT INTO `__DB_PREFIX__advcompQuest_content` VALUES (337, 'Leading a community service group', 18, 22);
INSERT INTO `__DB_PREFIX__advcompQuest_content` VALUES (338, 'Socializing', 18, 23);
INSERT INTO `__DB_PREFIX__advcompQuest_content` VALUES (339, 'Creating a peaceful, beautiful home environment', 18, 24);
INSERT INTO `__DB_PREFIX__advcompQuest_content` VALUES (340, 'Keeping physically fit', 18, 25);
INSERT INTO `__DB_PREFIX__advcompQuest_content` VALUES (341, 'Communication my innermost thoughts and feelings', 18, 26);
INSERT INTO `__DB_PREFIX__advcompQuest_content` VALUES (342, 'Resolving conflict', 18, 27);
INSERT INTO `__DB_PREFIX__advcompQuest_content` VALUES (343, 'Continuing to expand my knowledge and awareness', 18, 28);
INSERT INTO `__DB_PREFIX__advcompQuest_content` VALUES (344, 'Understanding local, national, and world events', 18, 29);
INSERT INTO `__DB_PREFIX__advcompQuest_content` VALUES (345, 'Making art and culture an ongoing part of my life', 18, 30);
INSERT INTO `__DB_PREFIX__advcompQuest_content` VALUES (346, 'Finding creative solutions to everyday problems', 18, 31);
INSERT INTO `__DB_PREFIX__advcompQuest_content` VALUES (347, 'Cooking for my family and friends', 18, 32);
INSERT INTO `__DB_PREFIX__advcompQuest_content` VALUES (348, 'Car maintenance and repair', 18, 33);
INSERT INTO `__DB_PREFIX__advcompQuest_content` VALUES (349, 'Being a good friend and campanion', 18, 34);
INSERT INTO `__DB_PREFIX__advcompQuest_content` VALUES (350, 'I try to make sure that my position prevails (that I win)', 19, 1);
INSERT INTO `__DB_PREFIX__advcompQuest_content` VALUES (351, 'I try to accommodate the other person''s position', 19, 2);
INSERT INTO `__DB_PREFIX__advcompQuest_content` VALUES (352, 'I try to understand the other person', 19, 3);
INSERT INTO `__DB_PREFIX__advcompQuest_content` VALUES (353, 'I try to be respectful of all opinions different from my own', 19, 4);
INSERT INTO `__DB_PREFIX__advcompQuest_content` VALUES (354, 'I try to resolve the conflict quickly', 19, 5);
INSERT INTO `__DB_PREFIX__advcompQuest_content` VALUES (355, 'I try to avoid disagreement', 19, 6);
INSERT INTO `__DB_PREFIX__advcompQuest_content` VALUES (356, 'I am passionate/intense about my position', 19, 7);
INSERT INTO `__DB_PREFIX__advcompQuest_content` VALUES (357, 'I try to drop an issue once it is resolved', 19, 8);
INSERT INTO `__DB_PREFIX__advcompQuest_content` VALUES (358, 'I try to resolve the conflict well', 19, 9);
INSERT INTO `__DB_PREFIX__advcompQuest_content` VALUES (359, 'Conflicted', 20, 1);
INSERT INTO `__DB_PREFIX__advcompQuest_content` VALUES (360, 'Supportive', 20, 2);
INSERT INTO `__DB_PREFIX__advcompQuest_content` VALUES (361, 'Abusive', 20, 3);
INSERT INTO `__DB_PREFIX__advcompQuest_content` VALUES (362, 'Tender', 20, 4);
INSERT INTO `__DB_PREFIX__advcompQuest_content` VALUES (363, 'Uninvolved', 20, 5);
INSERT INTO `__DB_PREFIX__advcompQuest_content` VALUES (364, 'Friendly', 21, 1);
INSERT INTO `__DB_PREFIX__advcompQuest_content` VALUES (365, 'Distant', 21, 2);
INSERT INTO `__DB_PREFIX__advcompQuest_content` VALUES (366, 'Angry', 21, 3);
INSERT INTO `__DB_PREFIX__advcompQuest_content` VALUES (367, 'Abusive', 21, 4);
INSERT INTO `__DB_PREFIX__advcompQuest_content` VALUES (368, 'Tender', 21, 5);
INSERT INTO `__DB_PREFIX__advcompQuest_content` VALUES (369, 'Supportive', 21, 6);
INSERT INTO `__DB_PREFIX__advcompQuest_content` VALUES (370, 'Conflicted', 21, 7);
INSERT INTO `__DB_PREFIX__advcompQuest_content` VALUES (371, 'Nurturing', 21, 8);
INSERT INTO `__DB_PREFIX__advcompQuest_content` VALUES (372, 'Regretfull', 21, 9);
INSERT INTO `__DB_PREFIX__advcompQuest_content` VALUES (373, 'Uninvolved', 21, 10);
INSERT INTO `__DB_PREFIX__advcompQuest_content` VALUES (374, 'Being able to easily talk about personal problems with my partner', 22, 1);
INSERT INTO `__DB_PREFIX__advcompQuest_content` VALUES (375, 'Being able to tell my partner everything about myself', 22, 2);
INSERT INTO `__DB_PREFIX__advcompQuest_content` VALUES (376, 'Being able to discuss with my partner how I am feeling towards him/her', 22, 3);
INSERT INTO `__DB_PREFIX__advcompQuest_content` VALUES (377, 'Having my partner be open with me about how he/she feels toward me', 22, 4);
INSERT INTO `__DB_PREFIX__advcompQuest_content` VALUES (378, 'Being available to my partner when he/she is having problems', 22, 5);
INSERT INTO `__DB_PREFIX__advcompQuest_content` VALUES (379, 'Being able to count on my partner for emotional support', 22, 6);
INSERT INTO `__DB_PREFIX__advcompQuest_content` VALUES (380, 'Enjoying physical closeness with my partner', 22, 7);
INSERT INTO `__DB_PREFIX__advcompQuest_content` VALUES (381, 'Being able to spend as much time as possible with my partners', 22, 8);
INSERT INTO `__DB_PREFIX__advcompQuest_content` VALUES (382, 'Doing special things to let my partner know how important he/she is to me', 22, 9);
INSERT INTO `__DB_PREFIX__advcompQuest_content` VALUES (383, 'Being able to make compromises', 22, 10);
INSERT INTO `__DB_PREFIX__advcompQuest_content` VALUES (384, 'Showing my partner that his/her needs are as important to me as my own', 22, 11);
INSERT INTO `__DB_PREFIX__advcompQuest_content` VALUES (385, 'Being kind to each other', 22, 12);
INSERT INTO `__DB_PREFIX__advcompQuest_content` VALUES (386, 'Knowing that my spouse is usually to blame when things go wrong', 22, 13);
INSERT INTO `__DB_PREFIX__advcompQuest_content` VALUES (387, 'Having similar ideas on parenting', 22, 14);
INSERT INTO `__DB_PREFIX__advcompQuest_content` VALUES (388, 'Having similar educational background', 22, 15);
INSERT INTO `__DB_PREFIX__advcompQuest_content` VALUES (389, 'Having similar belief systems', 22, 16);
INSERT INTO `__DB_PREFIX__advcompQuest_content` VALUES (390, 'I do things according to a plan', 23, 1);
INSERT INTO `__DB_PREFIX__advcompQuest_content` VALUES (391, 'I take time out for others', 23, 2);
INSERT INTO `__DB_PREFIX__advcompQuest_content` VALUES (392, 'I feel unable to deal with things', 23, 3);
INSERT INTO `__DB_PREFIX__advcompQuest_content` VALUES (393, 'I love helping others', 23, 4);
INSERT INTO `__DB_PREFIX__advcompQuest_content` VALUES (394, 'I seek adventure', 23, 5);
INSERT INTO `__DB_PREFIX__advcompQuest_content` VALUES (395, 'I often leave a mess in my room', 23, 6);
INSERT INTO `__DB_PREFIX__advcompQuest_content` VALUES (396, 'I often carry the conversation to a higher level', 23, 7);
INSERT INTO `__DB_PREFIX__advcompQuest_content` VALUES (397, 'I get stressed out easily', 23, 8);
INSERT INTO `__DB_PREFIX__advcompQuest_content` VALUES (398, 'I often make others feel good', 23, 9);
INSERT INTO `__DB_PREFIX__advcompQuest_content` VALUES (399, 'I am good at analyzing problems', 23, 10);
INSERT INTO `__DB_PREFIX__advcompQuest_content` VALUES (400, 'I usualy stand-up for myself', 23, 11);
INSERT INTO `__DB_PREFIX__advcompQuest_content` VALUES (401, 'I am easily discouraged', 23, 12);
INSERT INTO `__DB_PREFIX__advcompQuest_content` VALUES (402, 'I can handle a lot of information', 23, 13);
INSERT INTO `__DB_PREFIX__advcompQuest_content` VALUES (403, 'I waste my time ', 23, 14);
INSERT INTO `__DB_PREFIX__advcompQuest_content` VALUES (404, 'I catch on to things quickly', 23, 15);
INSERT INTO `__DB_PREFIX__advcompQuest_content` VALUES (405, 'I usually wait for others to lead the way', 23, 16);
INSERT INTO `__DB_PREFIX__advcompQuest_content` VALUES (406, 'I love order and regularity', 23, 17);
INSERT INTO `__DB_PREFIX__advcompQuest_content` VALUES (407, 'I often do nice things for people', 23, 18);
INSERT INTO `__DB_PREFIX__advcompQuest_content` VALUES (408, 'I get angry easily', 23, 19);
INSERT INTO `__DB_PREFIX__advcompQuest_content` VALUES (409, 'Stylish', 24, 1);
INSERT INTO `__DB_PREFIX__advcompQuest_content` VALUES (410, 'Beautiful', 24, 2);
INSERT INTO `__DB_PREFIX__advcompQuest_content` VALUES (411, 'Shapely', 24, 3);
INSERT INTO `__DB_PREFIX__advcompQuest_content` VALUES (412, 'Overweight', 24, 4);
INSERT INTO `__DB_PREFIX__advcompQuest_content` VALUES (413, 'Fit', 24, 5);
INSERT INTO `__DB_PREFIX__advcompQuest_content` VALUES (414, 'Sexy', 24, 6);
INSERT INTO `__DB_PREFIX__advcompQuest_content` VALUES (415, 'Toned', 24, 7);
INSERT INTO `__DB_PREFIX__advcompQuest_content` VALUES (416, 'How important is your match''s age to you?', 25, 1);
INSERT INTO `__DB_PREFIX__advcompQuest_content` VALUES (417, 'How satisfied are you with your physical appearance?', 25, 2);
INSERT INTO `__DB_PREFIX__advcompQuest_content` VALUES (418, 'How important is it that your partner be physically attractive?', 25, 3);
INSERT INTO `__DB_PREFIX__advcompQuest_content` VALUES (419, 'How important is the amount your match drinks?', 25, 4);
INSERT INTO `__DB_PREFIX__advcompQuest_content` VALUES (420, 'How important is your match''s distance from you?', 25, 5);

CREATE TABLE `__DB_PREFIX__advcompQuest_question` (
  `qid` int(11) NOT NULL auto_increment,
  `question` text NOT NULL,
  `descr` text NOT NULL,
  `type` int(11) NOT NULL default '0',
  `sid` int(11) NOT NULL default '0',
  `maxopt` int(11) NOT NULL default '0',
  `ord` int(11) NOT NULL default '0',
  `minopt` int(11) default '0',
  `showopt` int(11) default '0',
  PRIMARY KEY  (`qid`)
) AUTO_INCREMENT=39 ;


INSERT INTO `__DB_PREFIX__advcompQuest_question` VALUES (1,'Describe yourself - Part 1', 'Please use the scale below to rate how well you believe each of the following words generally describes you', 1, 1, 7, 1, 0, 0);
INSERT INTO `__DB_PREFIX__advcompQuest_question` VALUES (2, 'Describe yourself - Part 2','Please use the scale below to rate how well you believe each of the following words generally describes you', 1, 1, 7, 2, 0, 0);
INSERT INTO `__DB_PREFIX__advcompQuest_question` VALUES (3,'Describe yourself - Part 3', 'Imagine that your friends had to choose the best FOUR descriptions of you from the items listed below. Click next to the four items that they would be most likely to pick:', 2, 1, 4, 3, 4, 4);
INSERT INTO `__DB_PREFIX__advcompQuest_question` VALUES (4, 'Describe yourself - Part 4','Please use the scale below to rate how well you believe each of the following words generally describes you', 1, 1, 7, 4, NULL, NULL);
INSERT INTO `__DB_PREFIX__advcompQuest_question` VALUES (5,'Describe yourself - Part 5', 'Please use the scale below to rate how well you believe each of the following words generally describes you', 1, 1, 7, 5, NULL, NULL);
INSERT INTO `__DB_PREFIX__advcompQuest_question` VALUES (6,'Describe yourself - Part 6', 'Please use the scale below to rate how well you believe each of the following words generally describes you', 1, 1, 7, 6, NULL, NULL);
INSERT INTO `__DB_PREFIX__advcompQuest_question` VALUES (7,'Describe yourself - Part 7', 'Please use the scale below to rate how well you believe each of the following words generally describes you', 1, 1, 7, 7, NULL, NULL);
INSERT INTO `__DB_PREFIX__advcompQuest_question` VALUES (8, 'Your Personality', 'Please decide whether each of the following statements is a good description of you. For statements that are <b>NOT</b> at all like you, please click "<b>F</b>" for False. For statements that are at least somewhat like you, click "<b>T</b>" for True', 1, 2, 2, 1, NULL, NULL);
INSERT INTO `__DB_PREFIX__advcompQuest_question` VALUES (9, 'Your Characteristics', 'Use the scale below to indicate how well each of the following describes you.<br/><br/>Remember: There are no right or wrong answers. Please be honest with us, and yourself, as possible', 1, 3, 7, 1, NULL, NULL);
INSERT INTO `__DB_PREFIX__advcompQuest_question` VALUES (10,'Your Beliefs', 'Use the scale below to indicate how well each of the following describes you', 1, 4, 7, 2, NULL, NULL);
INSERT INTO `__DB_PREFIX__advcompQuest_question` VALUES (11,  'Your Interests - Part 1', 'Please use the scale below to rate your interest in the following things', 1, 5, 7, 1, NULL, NULL);
INSERT INTO `__DB_PREFIX__advcompQuest_question` VALUES (12, 'Your Interests - Part 2', 'Please use the scale below to rate your interest in the following things', 1, 5, 7, 2, NULL, NULL);
INSERT INTO `__DB_PREFIX__advcompQuest_question` VALUES (13, 'Your Interests - Part 3', 'Please use the scale below to rate your interest in the following things', 1, 5, 7, 3, NULL, NULL);
INSERT INTO `__DB_PREFIX__advcompQuest_question` VALUES (14, 'How you Feel', 'Please use the scale below to rate how often during the past month you have felt the following ways', 1, 6, 7, 1, NULL, NULL);
INSERT INTO `__DB_PREFIX__advcompQuest_question` VALUES (15, 'Your Important Qualities - Part 1', 'Use the scale below to indicate how important each of the following characteristics would be to you in finding a partner for a relationship', 1, 7, 7, 1, NULL, NULL);
INSERT INTO `__DB_PREFIX__advcompQuest_question` VALUES (16,  'Your Important Qualities - Part 2', 'Please use the scale below to answer next questions', 1, 7, 7, 2, NULL, NULL);
INSERT INTO `__DB_PREFIX__advcompQuest_question` VALUES (17, 'Living Skills - Part 1',  'Please use the scale below to rate your approximate level of skill in each of the following areas. Try to consider each skill as it relates to your personal life, and not necessarily from a work or career perspective', 1, 8, 7, 1, NULL, NULL);
INSERT INTO `__DB_PREFIX__advcompQuest_question` VALUES (18, 'Living Skills - Part 2', 'From the list below, please choose <b>the three that you do the best</b>. Remember to consider these skills as they relate to your entire life, and not necessarily just your work or career activities', 2, 8, 3, 2, 3, 2);
INSERT INTO `__DB_PREFIX__advcompQuest_question` VALUES (19, 'Your Communications', 'Please rate how important to you each of the following factors is when you are involved in a conflict or argument with a friend, co-worker or family member', 1, 9, 7, 1, NULL, NULL);
INSERT INTO `__DB_PREFIX__advcompQuest_question` VALUES (20, 'Family Relationships - Part 1', 'Please use the scale below to tell us how well each of the following describes your relationship with your parents (or guardians) when you were growing up. If your parents were not both equally present, please focus on the parent with whom you felt the closest and most involved', 1, 10, 7, 1, NULL, NULL);
INSERT INTO `__DB_PREFIX__advcompQuest_question` VALUES (21, 'Family Relationships - Part 2', 'Using the same scale, how well do the following describe your relationship with your parents now? If deceased describe your relationship when they were alive. Please focus on the parent with whom you feel the closest and most involved', 1, 10, 7, 2, NULL, NULL);
INSERT INTO `__DB_PREFIX__advcompQuest_question` VALUES (22, 'Your Relationship', 'When you think about what you want in a relationship, how important are the following items?<br/>Please use the scale below to select your answers', 1, 11, 7, 1, NULL, NULL);
INSERT INTO `__DB_PREFIX__advcompQuest_question` VALUES (23, 'About Yourself', 'Please indicate how well each of the following statements describe you. There are no "right" or "wrong" answers, so select the answer that most closely describes you', 1, 12, 7, 1, NULL, NULL);
INSERT INTO `__DB_PREFIX__advcompQuest_question` VALUES (24, 'General Information - Part 2', 'Rate the following words as to how each one describes your physical appearance. Use the following rating scale for each item', 1, 13, 7, 1, NULL, NULL);
INSERT INTO `__DB_PREFIX__advcompQuest_question` VALUES (25, 'General Information - Part 1', 'Please use the scale below to answer next questions', 1, 13, 7, 2, NULL, NULL);


CREATE TABLE `__DB_PREFIX__advcompQuest_section` (
  `sid` int(11) NOT NULL auto_increment,
  `title` text NOT NULL,
  `ord` int(11) NOT NULL default '0',
  PRIMARY KEY  (`sid`)
) AUTO_INCREMENT=29 ;


INSERT INTO `__DB_PREFIX__advcompQuest_section` VALUES (1, 'Self Descriptions', 1);
INSERT INTO `__DB_PREFIX__advcompQuest_section` VALUES (2, 'About Personality', 2);
INSERT INTO `__DB_PREFIX__advcompQuest_section` VALUES (3, 'Personal Characteristics', 3);
INSERT INTO `__DB_PREFIX__advcompQuest_section` VALUES (4, 'Personal Beliefs', 4);
INSERT INTO `__DB_PREFIX__advcompQuest_section` VALUES (5, 'Personal Interests', 5);
INSERT INTO `__DB_PREFIX__advcompQuest_section` VALUES (6, 'About Your Feelings', 6);
INSERT INTO `__DB_PREFIX__advcompQuest_section` VALUES (7, 'Important Qualities', 7);
INSERT INTO `__DB_PREFIX__advcompQuest_section` VALUES (8, 'Living Skills', 8);
INSERT INTO `__DB_PREFIX__advcompQuest_section` VALUES (9, 'Communication Style', 9);
INSERT INTO `__DB_PREFIX__advcompQuest_section` VALUES (10, 'Family Relationships', 10);
INSERT INTO `__DB_PREFIX__advcompQuest_section` VALUES (11, 'Relationship Style', 11);
INSERT INTO `__DB_PREFIX__advcompQuest_section` VALUES (12, 'More About You', 12);
INSERT INTO `__DB_PREFIX__advcompQuest_section` VALUES (13, 'General Information', 13);
