N4K 3V9,44.568665,-80.943765,ON
N4K 3W1,44.568575,-80.94375,ON
N4K 3W2,44.56815,-80.94545,ON
N4K 3W3,44.569395,-80.94016,ON
N4K 3W4,44.56948,-80.940125,ON
N4K 3W5,44.56938,-80.940855,ON
N4K 3W6,44.569465,-80.940875,ON
N4K 3W7,44.56924,-80.942865,ON
N4K 3W8,44.56915,-80.94285,ON
N4K 3W9,44.569035,-80.94385,ON
N4K 3X1,44.569125,-80.943865,ON
N4K 3X2,44.569755,-80.943235,ON
N4K 3X3,44.56967,-80.94322,ON
N4K 3X4,44.56962,-80.944745,ON
N4K 3X5,44.569535,-80.94473,ON
N4K 3X6,44.569775,-80.940245,ON
N4K 3X8,44.570125,-80.941605,ON
N4K 3X9,44.570035,-80.94163,ON
N4K 3Y1,44.570155,-80.942985,ON
N4K 3Y2,44.57024,-80.943,ON
N4K 3Y3,44.57012,-80.943655,ON
N4K 3Y4,44.570085,-80.94573,ON
N4K 3Y5,44.569965,-80.94632,ON
N4K 3Y6,44.570005,-80.947145,ON
N4K 3Y7,44.570405,-80.947005,ON
N4K 3Y8,44.56986,-80.94374,ON
N4K 3Y9,44.569915,-80.943835,ON
N4K 3Z1,44.569465,-80.94417,ON
N4K 3Z2,44.569525,-80.944275,ON
N4K 3Z3,44.56825,-80.945705,ON
N4K 3Z4,44.568055,-80.94577,ON
N4K 3Z5,44.56754,-80.9465,ON
N4K 3Z6,44.566835,-80.94717,ON
N4K 3Z7,44.57056,-80.943245,ON
N4K 3Z8,44.57051,-80.943925,ON
N4K 3Z9,44.57063,-80.944255,ON
N4K 4A1,44.570745,-80.94481,ON
N4K 4A2,44.5713,-80.941635,ON
N4K 4A3,44.57142,-80.942235,ON
N4K 4A4,44.57156,-80.94298,ON
N4K 4A5,44.571475,-80.943005,ON
N4K 4A6,44.57165,-80.943555,ON
N4K 4A7,44.57172,-80.94446,ON
N4K 4A8,44.571835,-80.945205,ON
N4K 4A9,44.57192,-80.945175,ON
N4K 4B1,44.57223,-80.945305,ON
N4K 4B2,44.572315,-80.94528,ON
N4K 4B3,44.57195,-80.94205,ON
N4K 4B4,44.57216,-80.94277,ON
N4K 4B5,44.57207,-80.9428,ON
N4K 4B6,44.57219,-80.943535,ON
N4K 4B7,44.572275,-80.94351,ON
N4K 4B8,44.57241,-80.944305,ON
N4K 4B9,44.57233,-80.944345,ON
N4K 4C1,44.572655,-80.94181,ON
N4K 4C2,44.57257,-80.941835,ON
N4K 4C3,44.572785,-80.94256,ON
N4K 4C4,44.5727,-80.94259,ON
N4K 4C6,44.573155,-80.94163,ON
N4K 4C8,44.574,-80.942145,ON
N4K 4C9,44.574125,-80.94289,ON
N4K 4E1,44.57416,-80.943645,ON
N4K 4E2,44.57437,-80.944355,ON
N4K 4E3,44.574505,-80.94123,ON
N4K 4E4,44.57442,-80.94126,ON
N4K 4E5,44.57453,-80.94196,ON
N4K 4E6,44.574615,-80.941935,ON
N4K 4E7,44.574655,-80.9427,ON
N4K 4E8,44.57474,-80.942675,ON
N4K 4E9,44.575025,-80.940955,ON
N4K 4G1,44.57511,-80.94093,ON
N4K 4G2,44.575275,-80.942485,ON
N4K 4G3,44.575365,-80.94246,ON
N4K 4G4,44.57549,-80.943195,ON
N4K 4G5,44.575405,-80.94322,ON
N4K 4G6,44.57564,-80.94082,ON
N4K 4G7,44.575725,-80.94079,ON
N4K 4G8,44.57586,-80.941515,ON
N4K 4G9,44.57634,-80.94213,ON
N4K 4H1,44.576255,-80.94216,ON
N4K 4H2,44.57638,-80.9429,ON
N4K 4H3,44.576585,-80.94361,ON
N4K 4H4,44.5765,-80.943635,ON
N4K 4H5,44.57651,-80.940025,ON
N4K 4H6,44.57667,-80.94036,ON
N4K 4H7,44.576585,-80.9404,ON
N4K 4H8,44.57681,-80.94119,ON
N4K 4H9,44.576725,-80.94122,ON
N4K 4J1,44.577055,-80.94267,ON
N4K 4J3,44.577915,-80.940035,ON
N4K 4J4,44.577825,-80.940065,ON
N4K 4J5,44.57808,-80.941545,ON
N4K 4J6,44.57833,-80.939165,ON
N4K 4J7,44.57845,-80.939855,ON
N4K 4J8,44.578535,-80.93983,ON
N4K 4J9,44.579755,-80.93941,ON
N4K 4K1,44.579665,-80.93944,ON
N4K 4K2,44.57987,-80.940155,ON
N4K 4K3,44.579785,-80.940185,ON
N4K 4K4,44.56522,-80.93954,ON
N4K 4K5,44.566555,-80.93935,ON
N4K 4K6,44.567205,-80.93929,ON
N4K 4K7,44.5672,-80.939165,ON
N4K 4K8,44.568535,-80.939425,ON
N4K 4K9,44.568525,-80.939545,ON
N4K 4L1,44.56922,-80.939695,ON
N4K 4L2,44.56952,-80.93976,ON
N4K 4L4,44.567705,-80.93984,ON
N4K 4L7,44.56135,-80.93885,ON
N4K 4L8,44.56142,-80.938765,ON
N4K 4L9,44.561645,-80.939105,ON
N4K 4M1,44.56282,-80.93968,ON
N4K 4M2,44.563765,-80.939225,ON
N4K 4M3,44.56375,-80.93935,ON
N4K 4M4,44.56461,-80.939545,ON
N4K 4M5,44.56553,-80.93976,ON
N4K 4M6,44.56554,-80.939635,ON
N4K 4M7,44.56647,-80.93998,ON
N4K 4M8,44.56648,-80.939855,ON
N4K 4M9,44.567385,-80.940195,ON
N4K 4N1,44.567395,-80.94007,ON
N4K 4N2,44.568405,-80.94045,ON
N4K 4N3,44.569225,-80.940515,ON
N4K 4N4,44.569485,-80.940685,ON
N4K 4N5,44.569725,-80.940615,ON
N4K 4N7,44.57035,-80.94089,ON
N4K 4N8,44.565905,-80.94789,ON
N4K 4N9,44.56917,-80.941015,ON
N4K 4P1,44.569155,-80.941135,ON
N4K 4P2,44.56453,-80.940165,ON
N4K 4P3,44.56452,-80.94028,ON
N4K 4P4,44.56544,-80.940475,ON
N4K 4P5,44.56543,-80.9406,ON
N4K 4P6,44.566365,-80.94081,ON
N4K 4P7,44.56638,-80.940685,ON
N4K 4P8,44.567275,-80.94103,ON
N4K 4P9,44.5683,-80.941155,ON
N4K 4R1,44.56829,-80.94128,ON
N4K 4R2,44.57101,-80.94192,ON
N4K 4R3,44.571575,-80.941725,ON
N4K 4R4,44.571375,-80.941925,ON
N4K 4R5,44.572245,-80.94162,ON
N4K 4R7,44.57283,-80.941285,ON
N4K 4R8,44.57285,-80.941405,ON
N4K 4R9,44.57395,-80.941115,ON
N4K 4S1,44.574895,-80.94083,ON
N4K 4S2,44.57533,-80.94061,ON
N4K 4S4,44.576085,-80.94022,ON
N4K 4S5,44.576105,-80.94034,ON
N4K 4S6,44.57691,-80.940055,ON
N4K 4S7,44.57689,-80.939935,ON
N4K 4S8,44.57813,-80.93965,ON
N4K 4S9,44.578115,-80.93953,ON
N4K 4T1,44.578715,-80.93933,ON
N4K 4T2,44.57873,-80.93945,ON
N4K 4T3,44.57983,-80.93893,ON
N4K 4T4,44.57985,-80.93905,ON
N4K 4T5,44.56476,-80.940675,ON
N4K 4T6,44.564765,-80.940555,ON
N4K 4T7,44.56907,-80.94181,ON
N4K 4T8,44.569085,-80.941685,ON
N4K 4T9,44.557715,-80.939635,ON
N4K 4V1,44.55871,-80.93974,ON
N4K 4V2,44.558035,-80.93971,ON
N4K 4V3,44.56199,-80.94053,ON
N4K 4V4,44.563025,-80.940885,ON
N4K 4V5,44.564405,-80.941195,ON
N4K 4V6,44.564955,-80.94131,ON
N4K 4V7,44.566405,-80.94154,ON
N4K 4V8,44.566395,-80.941655,ON
N4K 4V9,44.567185,-80.94184,ON
N4K 4W1,44.5672,-80.941715,ON
N4K 4W2,44.567825,-80.942,ON
N4K 4W3,44.56784,-80.941875,ON
N4K 4W4,44.56819,-80.94208,ON
N4K 4W5,44.568575,-80.942175,ON
N4K 4W6,44.569025,-80.942285,ON
N4K 4W7,44.569035,-80.942165,ON
N4K 4W8,44.569525,-80.94239,ON
N4K 4W9,44.56954,-80.94227,ON
N4K 4X1,44.57001,-80.942505,ON
N4K 4X2,44.57036,-80.942585,ON
N4K 4X3,44.570705,-80.942825,ON
N4K 4X4,44.571765,-80.94257,ON
N4K 4X5,44.571745,-80.94245,ON
N4K 4X6,44.572375,-80.94236,ON
N4K 4X7,44.57236,-80.94224,ON
N4K 4X8,44.57298,-80.942155,ON
N4K 4X9,44.572965,-80.942035,ON
N4K 4Y1,44.57357,-80.94183,ON
N4K 4Y2,44.57359,-80.94195,ON
N4K 4Y3,44.574195,-80.941615,ON
N4K 4Y4,44.57421,-80.941735,ON
N4K 4Y5,44.574835,-80.94153,ON
N4K 4Y6,44.574815,-80.94141,ON
N4K 4Y7,44.57543,-80.941195,ON
N4K 4Y8,44.576235,-80.94104,ON
N4K 4Y9,44.576215,-80.94092,ON
N4K 4Z1,44.57676,-80.940865,ON
N4K 4Z3,44.579445,-80.93984,ON
N4K 4Z4,44.58007,-80.93963,ON
N4K 4Z5,44.58009,-80.93975,ON
N4K 4Z6,44.562305,-80.94113,ON
N4K 4Z7,44.56229,-80.94125,ON
N4K 4Z8,44.565175,-80.94188,ON
N4K 5A1,44.567355,-80.94237,ON
N4K 5A2,44.56325,-80.941815,ON
N4K 5A3,44.563285,-80.94193,ON
N4K 5A4,44.5652,-80.94241,ON
N4K 5A5,44.56522,-80.94228,ON
N4K 5A6,44.56591,-80.942595,ON
N4K 5A7,44.565925,-80.94247,ON
N4K 5A8,44.566325,-80.942695,ON
N4K 5A9,44.568465,-80.94334,ON
N4K 5B1,44.56848,-80.943215,ON
N4K 5B2,44.569215,-80.943515,ON
N4K 5B3,44.569225,-80.9434,ON
N4K 5B4,44.570985,-80.94351,ON
N4K 5B5,44.571005,-80.94363,ON
N4K 5B6,44.571865,-80.943205,ON
N4K 5B7,44.571885,-80.943325,ON
N4K 5B8,44.5725,-80.94312,ON
N4K 5B9,44.57248,-80.943,ON
N4K 5C1,44.573115,-80.94291,ON
N4K 5C2,44.573095,-80.942785,ON
N4K 5C3,44.574335,-80.94249,ON
N4K 5C4,44.57432,-80.94237,ON
N4K 5C5,44.574955,-80.94227,ON
N4K 5C6,44.57558,-80.942065,ON
N4K 5C7,44.57605,-80.941785,ON
N4K 5C8,44.577165,-80.94155,ON
N4K 5C9,44.563105,-80.94197,ON
N4K 5E1,44.563175,-80.942045,ON
N4K 5E2,44.5663,-80.943035,ON
N4K 5E3,44.566315,-80.942915,ON
N4K 5E4,44.570395,-80.94561,ON
N4K 5E5,44.5704,-80.94549,ON
N4K 5E6,44.571095,-80.94401,ON
N4K 5E7,44.562255,-80.94277,ON
N4K 5E8,44.562265,-80.942645,ON
N4K 5E9,44.56319,-80.942855,ON
N4K 5G1,44.564165,-80.94319,ON
N4K 5G2,44.56509,-80.943415,ON
N4K 5G3,44.56511,-80.943285,ON
N4K 5G4,44.56579,-80.943605,ON
N4K 5G5,44.565805,-80.94348,ON
N4K 5G6,44.566385,-80.943615,ON
N4K 5G7,44.56677,-80.94383,ON
N4K 5G8,44.56678,-80.943705,ON
N4K 5G9,44.5678,-80.943935,ON
N4K 5H1,44.56751,-80.943995,ON
N4K 5H4,44.569225,-80.94515,ON
N4K 5H5,44.5692,-80.94426,ON
N4K 5H6,44.56928,-80.94505,ON
N4K 5H7,44.569805,-80.945605,ON
N4K 5H8,44.57119,-80.94432,ON
N4K 5H9,44.573235,-80.94363,ON
N4K 5J1,44.573845,-80.943435,ON
N4K 5J2,44.57446,-80.94322,ON
N4K 5J3,44.57501,-80.943035,ON
N4K 5J4,44.57499,-80.942915,ON
N4K 5J5,44.57586,-80.94262,ON
N4K 5J6,44.577265,-80.942275,ON
N4K 5J7,44.577245,-80.94215,ON
N4K 5J8,44.564105,-80.94395,ON
N4K 5J9,44.564095,-80.94407,ON
N4K 5K1,44.564975,-80.94438,ON
N4K 5K2,44.56499,-80.944265,ON
N4K 5K3,44.56687,-80.94578,ON
N4K 5K4,44.566885,-80.945665,ON
N4K 5K5,44.56863,-80.945685,ON
N4K 5K6,44.568685,-80.94578,ON
N4K 5K7,44.56925,-80.94617,ON
N4K 5K8,44.57007,-80.946825,ON
N4K 5K9,44.5701,-80.94671,ON
N4K 5L1,44.570895,-80.94508,ON
N4K 5L2,44.57213,-80.944775,ON
N4K 5L4,44.57259,-80.944495,ON
N4K 5L5,44.573345,-80.944245,ON
N4K 5L6,44.574495,-80.94385,ON
N4K 5L7,44.57601,-80.943475,ON
N4K 5L8,44.57599,-80.943355,ON
N4K 5L9,44.56837,-80.945785,ON
N4K 5M1,44.568725,-80.94603,ON
N4K 5M2,44.56582,-80.946645,ON
N4K 5M3,44.565835,-80.94652,ON
N4K 5M4,44.56835,-80.946255,ON
N4K 5M5,44.56829,-80.94635,ON
N4K 5M6,44.572105,-80.94544,ON
N4K 5M7,44.576655,-80.94391,ON
N4K 5M8,44.576675,-80.94403,ON
N4K 5M9,44.577485,-80.943625,ON
N4K 5N1,44.57871,-80.94322,ON
N4K 5N2,44.576935,-80.94194,ON
N4K 5N3,44.56681,-80.937445,ON
N4K 5N4,44.56681,-80.937445,ON
N4K 5N5,44.56681,-80.937445,ON
N4K 5N6,44.56681,-80.937445,ON
N4K 5N7,44.56681,-80.937445,ON
N4K 5N8,44.56681,-80.937445,ON
N4K 5N9,44.56681,-80.937445,ON
N4K 5P1,44.56681,-80.937445,ON
N4K 5P2,44.56681,-80.937445,ON
N4K 5P3,44.56681,-80.937445,ON
N4K 5P5,44.56681,-80.937445,ON
N4K 5P7,44.56681,-80.937445,ON
N4K 5P8,44.56384,-80.93357,ON
N4K 5R1,44.56681,-80.937445,ON
N4K 5R2,44.56681,-80.937445,ON
N4K 5R4,44.56681,-80.937445,ON
N4K 5R5,44.56681,-80.937445,ON
N4K 5R6,44.56681,-80.937445,ON
N4K 5R7,44.566425,-80.94811,ON
N4K 5R8,44.56644,-80.947985,ON
N4K 5R9,44.56609,-80.948305,ON
N4K 5S1,44.56609,-80.948305,ON
N4K 5S2,44.566045,-80.948205,ON
N4K 5S3,44.567655,-80.94213,ON
N4K 5S4,44.556435,-80.93778,ON
N4K 5S5,44.55652,-80.93781,ON
N4K 5S6,44.55595,-80.93837,ON
N4K 5S7,44.55582,-80.939465,ON
N4K 5S9,44.552345,-80.939395,ON
N4K 5T1,44.555735,-80.93788,ON
N4K 5T2,44.555705,-80.937765,ON
N4K 5T3,44.556225,-80.93809,ON
N4K 5T4,44.556215,-80.93821,ON
N4K 5T5,44.556165,-80.938645,ON
N4K 5T6,44.556155,-80.938765,ON
N4K 5T7,44.55609,-80.93926,ON
N4K 5T8,44.5561,-80.939135,ON
N4K 5T9,44.555735,-80.93919,ON
N4K 5V1,44.555745,-80.93907,ON
N4K 5V3,44.573915,-80.942175,ON
N4K 5V4,44.568965,-80.9295,ON
N4K 5V5,44.56878,-80.930045,ON
N4K 5V6,44.568655,-80.930025,ON
N4K 5V7,44.56924,-80.92999,ON
N4K 5V9,44.577145,-80.94143,ON
N4K 5W1,44.568105,-80.9308,ON
N4K 5W2,44.57336,-80.944365,ON
N4K 5W3,44.570035,-80.94163,ON
N4K 5W4,44.56681,-80.937445,ON
N4K 5W5,44.56416,-80.930875,ON
N4K 5W6,44.567285,-80.940905,ON
N4K 5W7,44.57341,-80.93155,ON
N4K 5W8,44.56754,-80.9465,ON
N4K 5W9,44.56681,-80.937445,ON
N4K 5X2,44.578025,-80.93897,ON
N4K 5X3,44.56843,-80.94569,ON
N4K 5X4,44.57254,-80.932765,ON
N4K 5X5,44.578955,-80.940805,ON
N4K 5X6,44.578975,-80.94093,ON
N4K 5X7,44.5797,-80.941315,ON
N4K 5X8,44.57972,-80.941435,ON
N4K 5X9,44.579285,-80.941135,ON
N4K 5Y1,44.5554,-80.93901,ON
N4K 5Y2,44.55774,-80.939875,ON
N4K 5Y3,44.55773,-80.94072,ON
N4K 5Y4,44.55797,-80.940295,ON
N4K 5Y5,44.55799,-80.94017,ON
N4K 5Y6,44.56906,-80.92953,ON
N4K 5Y7,44.56857,-80.928895,ON
N4K 5Y8,44.56856,-80.92902,ON
N4K 5Y9,44.573215,-80.94351,ON
N4K 5Z1,44.57379,-80.941415,ON
N4K 5Z4,44.558095,-80.94091,ON
N4K 5Z5,44.55818,-80.94093,ON
N4K 5Z6,44.56373,-80.943485,ON
N4K 5Z7,44.566685,-80.941895,ON
N4K 5Z8,44.56677,-80.941915,ON
N4K 5Z9,44.56681,-80.937445,ON
N4K 6A1,44.555385,-80.939125,ON
N4K 6A2,44.575155,-80.941745,ON
N4K 6A3,44.56235,-80.93103,ON
N4K 6A4,44.561105,-80.94212,ON
N4K 6A6,44.578205,-80.942275,ON
N4K 6A7,44.561195,-80.942115,ON
N4K 6A8,44.570095,-80.929285,ON
N4K 6A9,44.565285,-80.945425,ON
N4K 6B1,44.568275,-80.928455,ON
N4K 6B2,44.572125,-80.94556,ON
N4K 6B3,44.573475,-80.93241,ON
N4K 6B4,44.57928,-80.940565,ON
N4K 6B5,44.579355,-80.94159,ON
N4K 6B6,44.57343,-80.92924,ON
N4K 6B7,44.570035,-80.94163,ON
N4K 6B8,44.57348,-80.9429,ON
N4K 6B9,44.57343,-80.92924,ON
N4K 6C1,44.568255,-80.92805,ON
N4K 6C2,44.56814,-80.92775,ON
N4K 6C3,44.567755,-80.92808,ON
N4K 6C4,44.55868,-80.93314,ON
N4K 6C7,44.558775,-80.9336,ON
N4K 6C8,44.557515,-80.941225,ON
N4K 6C9,44.557865,-80.941345,ON
N4K 6E1,44.56074,-80.931795,ON
N4K 6E2,44.560825,-80.93181,ON
N4K 6E3,44.561895,-80.930945,ON
N4K 6E4,44.56198,-80.930965,ON
N4K 6E5,44.56226,-80.931015,ON
N4K 6E6,44.561055,-80.931185,ON
N4K 6E8,44.56216,-80.930635,ON
N4K 6E9,44.55905,-80.94024,ON
N4K 6G1,44.559135,-80.94026,ON
N4K 6G2,44.55887,-80.94052,ON
N4K 6G3,44.559305,-80.940605,ON
N4K 6G4,44.55886,-80.94064,ON
N4K 6G5,44.574935,-80.94215,ON
N4K 6G6,44.55868,-80.94089,ON
N4K 6G7,44.559035,-80.941265,ON
N4K 6G8,44.559025,-80.94139,ON
N4K 6G9,44.55913,-80.936475,ON
N4K 6H1,44.558205,-80.94154,ON
N4K 6H2,44.559465,-80.941065,ON
N4K 6H3,44.574985,-80.93005,ON
N4K 6H4,44.559555,-80.94108,ON
N4K 6H5,44.55844,-80.94182,ON
N4K 6H6,44.56681,-80.937445,ON
N4K 6H7,44.578415,-80.939135,ON
N4K 6H8,44.559395,-80.94171,ON
N4K 6H9,44.559735,-80.94203,ON
N4K 6J1,44.57416,-80.930355,ON
N4K 6J2,44.558475,-80.9417,ON
N4K 6J3,44.55937,-80.93622,ON
N4K 6J4,44.573795,-80.928895,ON
N4K 6J5,44.57356,-80.932385,ON
N4K 6J6,44.57588,-80.94274,ON
N4K 6J7,44.566465,-80.946185,ON
N4K 6J8,44.559655,-80.936275,ON
N4K 6J9,44.561855,-80.93529,ON
N4K 6K1,44.56128,-80.9423,ON
N4K 6K2,44.561055,-80.94237,ON
N4K 6K3,44.560225,-80.939885,ON
N4K 6K4,44.558755,-80.93308,ON
N4K 6K5,44.56527,-80.930505,ON
N4K 6K6,44.56681,-80.937445,ON
N4K 6K7,44.56107,-80.942245,ON
N4K 6K9,44.558645,-80.93184,ON
N4K 6L1,44.571725,-80.93521,ON
N4K 6L2,44.561085,-80.931305,ON
N4K 6L3,44.56918,-80.92774,ON
N4K 6L4,44.56606,-80.938995,ON
N4K 6L5,44.56519,-80.94176,ON
N4K 6L6,44.56935,-80.932975,ON
N4K 6L7,44.56862,-80.932505,ON
N4K 6L8,44.569165,-80.92786,ON
N4K 6L9,44.57211,-80.94465,ON
N4K 6M1,44.568645,-80.927965,ON
N4K 6M2,44.568735,-80.92798,ON
N4K 6M3,44.55568,-80.938665,ON
N4K 6M4,44.565805,-80.948775,ON
N4K 6M5,44.572945,-80.93261,ON
N4K 6M6,44.55886,-80.933635,ON
N4K 6M7,44.570545,-80.932605,ON
N4K 6M8,44.579135,-80.94021,ON
N4K 6M9,44.56681,-80.937445,ON
N4K 6N1,44.56963,-80.9282,ON
N4K 6N2,44.569075,-80.92871,ON
N4K 6N3,44.568905,-80.928245,ON
N4K 6N4,44.567545,-80.931075,ON
N4K 6N5,44.573635,-80.94383,ON
N4K 6N6,44.569545,-80.928185,ON
N4K 6N7,44.57066,-80.92489,ON
N4K 6N8,44.568475,-80.94423,ON
N4K 6N9,44.56879,-80.944295,ON
N4K 6P2,44.568485,-80.944115,ON
N4K 6P3,44.58039,-80.9263,ON
N4K 6P6,44.58039,-80.9263,ON
N4K 6P7,44.56733,-80.937205,ON
N4K 6P8,44.56733,-80.937205,ON
N4K 6P9,44.57066,-80.92489,ON
N4K 6R2,44.57884,-80.940045,ON
N4K 6R3,44.57886,-80.940165,ON
N4K 6R4,44.558275,-80.939375,ON
N4K 6R5,44.558275,-80.939375,ON
N4K 6R6,44.558595,-80.940875,ON
N4K 6R7,44.575145,-80.928235,ON
N4K 6R8,44.574395,-80.930795,ON
N4K 6R9,44.574395,-80.930795,ON
N4K 6S1,44.566345,-80.947365,ON
N4K 6S2,44.570425,-80.93052,ON
N4K 6S3,44.560135,-80.93987,ON
N4K 6S4,44.572945,-80.944045,ON
N4K 6S5,44.57862,-80.928035,ON
N4K 6S6,44.573875,-80.92886,ON
N4K 6S7,44.55994,-80.940835,ON
N4K 6S8,44.562615,-80.93179,ON
N4K 6T1,44.57492,-80.94095,ON
N4K 6T2,44.575625,-80.929405,ON
N4K 6T3,44.571555,-80.929965,ON
N4K 6T4,44.578945,-80.927245,ON
N4K 6T5,44.56681,-80.937445,ON
N4K 6T6,44.570365,-80.940765,ON
N4K 6T7,44.56425,-80.93089,ON
N4K 6T8,44.577505,-80.939725,ON
N4K 6T9,44.57911,-80.926755,ON
N4K 6V1,44.578705,-80.9285,ON
N4K 6V2,44.5786,-80.92791,ON
N4K 6V3,44.570365,-80.940765,ON
N4K 6V4,44.5719,-80.93533,ON
N4K 6V5,44.56681,-80.937445,ON
N4K 6V6,44.56609,-80.948305,ON
N4K 6V7,44.57114,-80.945295,ON
N4K 6V8,44.570915,-80.9452,ON
N4K 6V9,44.571255,-80.94508,ON
N4K 6W1,44.575235,-80.930865,ON
N4K 6W2,44.56994,-80.93984,ON
N4K 6W3,44.577915,-80.927215,ON
N4K 6W4,44.55961,-80.93995,ON
N4K 6W5,44.577995,-80.92763,ON
N4K 6W6,44.577995,-80.92763,ON
N4K 6W7,44.569215,-80.940635,ON
N4K 6W8,44.571355,-80.941805,ON
N4K 6W9,44.57768,-80.927525,ON
N4K 6X1,44.575625,-80.929405,ON
N4K 6X2,44.56004,-80.93949,ON
N4K 6X3,44.56004,-80.93949,ON
N4K 6X4,44.573395,-80.94293,ON
N4K 6X5,44.566545,-80.929675,ON
N4K 6X6,44.5776,-80.92756,ON
N4K 6X7,44.56994,-80.93984,ON
N4K 6X8,44.57057,-80.924875,ON
N4K 6X9,44.55936,-80.93634,ON
N4K 6Y1,44.572225,-80.9415,ON
N4K 6Y2,44.572225,-80.9415,ON
N4K 6Y3,44.57011,-80.92098,ON
N4K 6Y4,44.567045,-80.92979,ON
N4K 6Y5,44.56748,-80.930015,ON
N4K 6Y6,44.56703,-80.92991,ON
N4K 6Y7,44.56091,-80.939665,ON
N4K 6Y8,44.56082,-80.939645,ON
N4K 6Y9,44.56083,-80.938925,ON
N4K 6Z1,44.56681,-80.937445,ON
N4K 6Z2,44.56681,-80.937445,ON
N4K 6Z3,44.56681,-80.937445,ON
N4K 6Z4,44.56681,-80.937445,ON
N4K 6Z5,44.56681,-80.937445,ON
N4K 6Z6,44.56681,-80.937445,ON
N4K 6Z7,44.56681,-80.937445,ON
N4K 6Z8,44.56681,-80.937445,ON
N4L 1A1,44.603425,-80.58797,ON
N4L 1A3,44.60283,-80.59082,ON
N4L 1A4,44.60065,-80.5831,ON
N4L 1A5,44.603505,-80.587905,ON
N4L 1A6,44.59977,-80.576505,ON
N4L 1A7,44.60078,-80.57767,ON
N4L 1A8,44.600625,-80.57621,ON
N4L 1A9,44.60067,-80.579245,ON
N4L 1B1,44.60016,-80.576075,ON
N4L 1B2,44.60155,-80.579145,ON
N4L 1B3,44.599965,-80.58296,ON
N4L 1B4,44.601205,-80.580845,ON
N4L 1B5,44.601825,-80.5817,ON
N4L 1B6,44.60202,-80.583425,ON
N4L 1B7,44.603045,-80.583455,ON
N4L 1B8,44.603215,-80.58403,ON
N4L 1B9,44.602765,-80.585465,ON
N4L 1C1,44.60154,-80.584165,ON
N4L 1C2,44.60057,-80.584575,ON
N4L 1C3,44.601745,-80.58464,ON
N4L 1C4,44.59922,-80.58362,ON
N4L 1C5,44.598275,-80.583395,ON
N4L 1C6,44.59775,-80.58365,ON
N4L 1C7,44.59873,-80.58503,ON
N4L 1C8,44.598945,-80.58573,ON
N4L 1C9,44.600075,-80.58627,ON
N4L 1E1,44.60092,-80.58577,ON
N4L 1E2,44.60187,-80.585785,ON
N4L 1E3,44.601605,-80.587355,ON
N4L 1E4,44.601035,-80.586845,ON
N4L 1E5,44.60006,-80.587385,ON
N4L 1E6,44.59941,-80.587415,ON
N4L 1E7,44.59832,-80.587055,ON
N4L 1E8,44.59793,-80.58993,ON
N4L 1E9,44.59973,-80.589615,ON
N4L 1G1,44.603105,-80.58666,ON
N4L 1G2,44.60259,-80.587625,ON
N4L 1G3,44.602745,-80.58956,ON
N4L 1G4,44.60225,-80.588715,ON
N4L 1G5,44.601435,-80.586065,ON
N4L 1G6,44.604645,-80.58735,ON
N4L 1G7,44.604645,-80.58735,ON
N4L 1G8,44.604645,-80.58735,ON
N4L 1G9,44.60137,-80.589805,ON
N4L 1H1,44.603735,-80.589285,ON
N4L 1H2,44.603735,-80.589285,ON
N4L 1H3,44.60566,-80.58952,ON
N4L 1H4,44.60566,-80.58952,ON
N4L 1H5,44.60566,-80.58952,ON
N4L 1H6,44.606205,-80.59095,ON
N4L 1H7,44.606205,-80.59095,ON
N4L 1H8,44.606145,-80.58958,ON
N4L 1H9,44.606145,-80.58958,ON
N4L 1J1,44.606145,-80.58958,ON
N4L 1J2,44.60682,-80.59102,ON
N4L 1J3,44.60682,-80.59102,ON
N4L 1J4,44.60682,-80.59102,ON
N4L 1J5,44.607455,-80.590915,ON
N4L 1J6,44.607455,-80.590915,ON
N4L 1J7,44.607455,-80.590915,ON
N4L 1J8,44.603505,-80.587905,ON
N4L 1J9,44.607795,-80.593355,ON
N4L 1K1,44.608965,-80.59335,ON
N4L 1K2,44.608965,-80.59335,ON
N4L 1K3,44.608965,-80.59335,ON
N4L 1K4,44.60266,-80.593085,ON
N4L 1K5,44.60266,-80.593085,ON
N4L 1K6,44.60266,-80.593085,ON
N4L 1K7,44.601835,-80.59277,ON
N4L 1K8,44.601835,-80.59277,ON
N4L 1K9,44.600325,-80.59475,ON
N4L 1L1,44.600325,-80.59475,ON
N4L 1L2,44.601955,-80.59494,ON
N4L 1L3,44.601955,-80.59494,ON
N4L 1L4,44.601955,-80.59494,ON
N4L 1L5,44.60391,-80.593365,ON
N4L 1L6,44.60391,-80.593365,ON
N4L 1L7,44.603505,-80.587905,ON
N4L 1L8,44.60496,-80.588085,ON
N4L 1L9,44.60496,-80.588085,ON
N4L 1M1,44.60438,-80.590085,ON
N4L 1M2,44.60438,-80.590085,ON
N4L 1M3,44.60438,-80.590085,ON
N4L 1M4,44.60283,-80.59082,ON
N4L 1M5,44.60283,-80.59082,ON
N4L 1M6,44.60283,-80.59082,ON
N4L 1M7,44.6017,-80.59166,ON
N4L 1M8,44.6017,-80.59166,ON
N4L 1M9,44.6017,-80.59166,ON
N4L 1N1,44.60334,-80.587935,ON
N4L 1N2,44.60334,-80.587935,ON
N4L 1N4,44.60368,-80.586795,ON
N4L 1N5,44.60368,-80.586795,ON
N4L 1N6,44.60368,-80.586795,ON
N4L 1N8,44.60397,-80.588185,ON
N4L 1P1,44.604515,-80.5884,ON
N4L 1P2,44.604515,-80.5884,ON
N4L 1P3,44.604515,-80.5884,ON
N4L 1P4,44.60217,-80.586845,ON
N4L 1P8,44.601435,-80.586065,ON
N4L 1R1,44.60334,-80.587935,ON
N4L 1R2,44.60334,-80.587935,ON
N4L 1R4,44.60584,-80.5913,ON
N4L 1R6,44.605815,-80.59142,ON
N4L 1R7,44.605815,-80.59142,ON
N4L 1R8,44.60311,-80.58904,ON
N4L 1R9,44.602415,-80.59236,ON
N4L 1S1,44.603295,-80.585355,ON
N4L 1S2,44.602745,-80.590785,ON
N4L 1S3,44.60172,-80.589555,ON
N4L 1S4,44.603505,-80.587905,ON
N4L 1S5,44.603505,-80.587905,ON
N4L 1S6,44.604305,-80.58779,ON
N4L 1S7,44.60496,-80.588085,ON
N4L 1S8,44.60182,-80.59289,ON
N4L 1S9,44.605855,-80.59013,ON
N4L 1T1,44.605855,-80.59013,ON
N4L 1T2,44.603505,-80.587905,ON
N4L 1T3,44.60567,-80.59097,ON
N4L 1T4,44.605445,-80.5916,ON
N4L 1T7,44.60515,-80.59064,ON
N4L 1T8,44.60515,-80.59064,ON
N4L 1T9,44.60515,-80.59064,ON
N4L 1V1,44.603735,-80.589285,ON
N4L 1V2,44.606205,-80.59095,ON
N4L 1V3,44.60259,-80.587625,ON
N4L 1V4,44.60259,-80.587625,ON
N4L 1V5,44.60259,-80.587625,ON
N4L 1V6,44.60259,-80.587625,ON
N4L 1V7,44.60359,-80.58676,ON
N4L 1V9,44.60359,-80.58676,ON
N4L 1W1,44.601435,-80.586065,ON
N4L 1W2,44.606205,-80.59095,ON
N4L 1W3,44.60283,-80.59082,ON
N4L 1W4,44.604305,-80.58779,ON
N4L 1W5,44.603505,-80.587905,ON
N4L 1W6,44.603505,-80.587905,ON
N4L 1W7,44.603505,-80.587905,ON
N4L 1W8,44.603505,-80.587905,ON
N4L 1W9,44.604515,-80.5884,ON
N4L 1X1,44.59853,-80.584425,ON
N4L 1X2,44.601525,-80.5861,ON
N4L 1X3,44.603235,-80.58722,ON
N4L 1X4,44.60496,-80.588085,ON
N4L 1X5,44.60502,-80.588645,ON
N4L 1X6,44.603505,-80.587905,ON
N4L 1X7,44.603505,-80.587905,ON
N4L 1X8,44.603505,-80.587905,ON
N4L 1X9,44.603235,-80.58722,ON
N4L 1Y1,44.60287,-80.58775,ON
N4L 1Y2,44.603505,-80.587905,ON
N4N 1A1,44.146055,-81.03281,ON
N4N 1A2,44.146225,-81.032235,ON
N4N 1A3,44.146145,-81.03222,ON
N4N 1A4,44.146135,-81.03049,ON
N4N 1A5,44.146355,-81.02972,ON
N4N 1A6,44.14643,-81.02874,ON
N4N 1A7,44.146745,-81.02755,ON
N4N 1A9,44.146725,-81.03237,ON
N4N 1B1,44.146805,-81.032425,ON
N4N 1B2,44.146995,-81.0316,ON
N4N 1B3,44.147435,-81.027775,ON
N4N 1B4,44.147345,-81.027745,ON
N4N 1B5,44.14783,-81.033295,ON
N4N 1B6,44.147785,-81.032655,ON
N4N 1B7,44.14787,-81.03263,ON
N4N 1B8,44.14811,-81.028735,ON
N4N 1B9,44.148335,-81.032505,ON
N4N 1C1,44.14852,-81.03191,ON
N4N 1C2,44.14843,-81.031885,ON
N4N 1C3,44.148495,-81.03129,ON
N4N 1C4,44.148635,-81.03077,ON
N4N 1C6,44.149045,-81.02902,ON
N4N 1C7,44.14913,-81.02905,ON
N4N 1C8,44.14889,-81.02814,ON
N4N 1C9,44.14898,-81.02817,ON
N4N 1E1,44.149125,-81.027455,ON
N4N 1E2,44.149035,-81.02743,ON
N4N 1E3,44.14917,-81.027145,ON
N4N 1E4,44.149125,-81.026805,ON
N4N 1E5,44.14933,-81.026065,ON
N4N 1E6,44.1489,-81.030855,ON
N4N 1E7,44.14899,-81.030885,ON
N4N 1E8,44.149695,-81.026995,ON
N4N 1E9,44.14969,-81.02638,ON
N4N 1G1,44.149855,-81.02594,ON
N4N 1G2,44.14893,-81.0354,ON
N4N 1G3,44.14884,-81.03539,ON
N4N 1G4,44.148975,-81.03471,ON
N4N 1G5,44.149155,-81.032775,ON
N4N 1G6,44.14907,-81.03277,ON
N4N 1G7,44.14909,-81.032085,ON
N4N 1G8,44.149175,-81.03209,ON
N4N 1G9,44.149215,-81.0315,ON
N4N 1H1,44.1492,-81.030955,ON
N4N 1H2,44.1497,-81.028415,ON
N4N 1H3,44.14961,-81.028385,ON
N4N 1H4,44.14972,-81.027635,ON
N4N 1H5,44.150005,-81.02698,ON
N4N 1H6,44.150095,-81.02701,ON
N4N 1H7,44.15019,-81.026435,ON
N4N 1H8,44.15015,-81.026055,ON
N4N 1H9,44.1494,-81.035015,ON
N4N 1J1,44.149315,-81.034985,ON
N4N 1J2,44.14957,-81.032925,ON
N4N 1J3,44.149655,-81.03293,ON
N4N 1J4,44.14959,-81.03224,ON
N4N 1J5,44.149675,-81.032245,ON
N4N 1J6,44.14972,-81.031055,ON
N4N 1J7,44.14981,-81.031085,ON
N4N 1J8,44.1499,-81.029955,ON
N4N 1J9,44.15,-81.02932,ON
N4N 1K1,44.15009,-81.02935,ON
N4N 1K2,44.15012,-81.02854,ON
N4N 1K3,44.15021,-81.02857,ON
N4N 1K4,44.15067,-81.02587,ON
N4N 1K5,44.15058,-81.02584,ON
N4N 1K6,44.15013,-81.033745,ON
N4N 1K7,44.150045,-81.03374,ON
N4N 1K8,44.150065,-81.033095,ON
N4N 1K9,44.150155,-81.0331,ON
N4N 1L1,44.15008,-81.032405,ON
N4N 1L2,44.150165,-81.03279,ON
N4N 1L3,44.150275,-81.03092,ON
N4N 1L4,44.15036,-81.03095,ON
N4N 1L5,44.150495,-81.029465,ON
N4N 1L6,44.15061,-81.028695,ON
N4N 1L7,44.1507,-81.028725,ON
N4N 1L8,44.15073,-81.027905,ON
N4N 1L9,44.15082,-81.027935,ON
N4N 1M1,44.150845,-81.02719,ON
N4N 1M2,44.15093,-81.02722,ON
N4N 1M3,44.15095,-81.026485,ON
N4N 1M4,44.15104,-81.026515,ON
N4N 1M5,44.151145,-81.02583,ON
N4N 1M6,44.151215,-81.025325,ON
N4N 1M7,44.15117,-81.02501,ON
N4N 1M8,44.151305,-81.02475,ON
N4N 1M9,44.15052,-81.035335,ON
N4N 1N1,44.145915,-81.030785,ON
N4N 1N2,44.150605,-81.03534,ON
N4N 1N3,44.150645,-81.034255,ON
N4N 1N4,44.150565,-81.03389,ON
N4N 1N5,44.15067,-81.03326,ON
N4N 1N6,44.150585,-81.033255,ON
N4N 1N7,44.150675,-81.03294,ON
N4N 1N8,44.150605,-81.032545,ON
N4N 1N9,44.150775,-81.031765,ON
N4N 1P1,44.150685,-81.031735,ON
N4N 1P2,44.15088,-81.031035,ON
N4N 1P3,44.150985,-81.03038,ON
N4N 1P4,44.151095,-81.029665,ON
N4N 1P5,44.15101,-81.029635,ON
N4N 1P6,44.151215,-81.02888,ON
N4N 1P7,44.151125,-81.02885,ON
N4N 1P8,44.151245,-81.02806,ON
N4N 1P9,44.151335,-81.02809,ON
N4N 1R1,44.151445,-81.02738,ON
N4N 1R2,44.151355,-81.027355,ON
N4N 1R3,44.151355,-81.027355,ON
N4N 1R4,44.151455,-81.026745,ON
N4N 1R5,44.151595,-81.02641,ON
N4N 1R6,44.151555,-81.0261,ON
N4N 1R7,44.15169,-81.025805,ON
N4N 1R8,44.15166,-81.025345,ON
N4N 1R9,44.151885,-81.024525,ON
N4N 1S1,44.151795,-81.024495,ON
N4N 1S2,44.15225,-81.022155,ON
N4N 1S3,44.1525,-81.02058,ON
N4N 1S4,44.15259,-81.01937,ON
N4N 1S5,44.15174,-81.029045,ON
N4N 1S6,44.151655,-81.029015,ON
N4N 1S7,44.15186,-81.02826,ON
N4N 1S8,44.15177,-81.02823,ON
N4N 1S9,44.151915,-81.02725,ON
N4N 1T1,44.152005,-81.027275,ON
N4N 1T2,44.15214,-81.026365,ON
N4N 1T3,44.15205,-81.02634,ON
N4N 1T4,44.15216,-81.025625,ON
N4N 1T5,44.152245,-81.025655,ON
N4N 1T6,44.15234,-81.02442,ON
N4N 1T7,44.15243,-81.024445,ON
N4N 1T8,44.15159,-81.032835,ON
N4N 1T9,44.151505,-81.032805,ON
N4N 1V1,44.151615,-81.032105,ON
N4N 1V2,44.151525,-81.03208,ON
N4N 1V3,44.151675,-81.031665,ON
N4N 1V4,44.151645,-81.031265,ON
N4N 1V5,44.151735,-81.030595,ON
N4N 1V6,44.151825,-81.030625,ON
N4N 1V7,44.15237,-81.028415,ON
N4N 1V8,44.15228,-81.028385,ON
N4N 1V9,44.152515,-81.02743,ON
N4N 1W1,44.152425,-81.027405,ON
N4N 1W2,44.15265,-81.026515,ON
N4N 1W3,44.15256,-81.026485,ON
N4N 1W4,44.152755,-81.0258,ON
N4N 1W5,44.152665,-81.02577,ON
N4N 1W6,44.152895,-81.024885,ON
N4N 1W7,44.152805,-81.02486,ON
N4N 1W8,44.15218,-81.03367,ON
N4N 1W9,44.152195,-81.033005,ON
N4N 1X1,44.152115,-81.03226,ON
N4N 1X2,44.152205,-81.03228,ON
N4N 1X3,44.152305,-81.03154,ON
N4N 1X4,44.152215,-81.03151,ON
N4N 1X5,44.152325,-81.030775,ON
N4N 1X6,44.152415,-81.0308,ON
N4N 1X7,44.15252,-81.030095,ON
N4N 1X8,44.15254,-81.029295,ON
N4N 1X9,44.15263,-81.029315,ON
N4N 1Y1,44.15279,-81.028545,ON
N4N 1Y2,44.1527,-81.02852,ON
N4N 1Y3,44.152805,-81.02752,ON
N4N 1Y4,44.152895,-81.027545,ON
N4N 1Y5,44.15293,-81.0266,ON
N4N 1Y6,44.153115,-81.025905,ON
N4N 1Y7,44.153025,-81.025875,ON
N4N 1Y8,44.15323,-81.025105,ON
N4N 1Y9,44.15314,-81.02509,ON
N4N 1Z1,44.15346,-81.026015,ON
N4N 1Z2,44.15355,-81.026035,ON
N4N 1Z4,44.153165,-81.03256,ON
N4N 1Z5,44.15327,-81.031825,ON
N4N 1Z6,44.15338,-81.031085,ON
N4N 1Z7,44.15347,-81.031115,ON
N4N 1Z8,44.153535,-81.028095,ON
N4N 1Z9,44.153625,-81.028125,ON
N4N 2A1,44.15396,-81.026155,ON
N4N 2A2,44.15387,-81.026125,ON
N4N 2A3,44.154005,-81.02522,ON
N4N 2A4,44.15379,-81.028865,ON
N4N 2A6,44.15419,-81.032875,ON
N4N 2A7,44.15428,-81.032905,ON
N4N 2A8,44.15486,-81.033015,ON
N4N 2B1,44.14912,-81.03508,ON
N4N 2B2,44.1491,-81.0352,ON
N4N 2B3,44.1463,-81.03325,ON
N4N 2B4,44.14632,-81.033125,ON
N4N 2B5,44.147215,-81.033535,ON
N4N 2B6,44.147235,-81.033415,ON
N4N 2B7,44.149315,-81.03391,ON
N4N 2B8,44.149695,-81.0341,ON
N4N 2B9,44.15035,-81.034095,ON
N4N 2C1,44.14585,-81.032525,ON
N4N 2C2,44.14642,-81.03255,ON
N4N 2C3,44.14716,-81.03277,ON
N4N 2C4,44.14714,-81.032895,ON
N4N 2C5,44.14903,-81.03314,ON
N4N 2C6,44.14936,-81.03311,ON
N4N 2C7,44.14986,-81.033255,ON
N4N 2C8,44.15037,-81.03341,ON
N4N 2C9,44.15035,-81.033535,ON
N4N 2E1,44.15074,-81.03353,ON
N4N 2E2,44.15072,-81.03365,ON
N4N 2E3,44.14655,-81.031955,ON
N4N 2E4,44.14653,-81.03207,ON
N4N 2E5,44.148135,-81.032105,ON
N4N 2E6,44.148115,-81.032235,ON
N4N 2E7,44.1485,-81.03235,ON
N4N 2E8,44.149385,-81.032465,ON
N4N 2E9,44.149365,-81.03259,ON
N4N 2G1,44.149885,-81.03263,ON
N4N 2G2,44.14986,-81.03275,ON
N4N 2G3,44.150225,-81.03291,ON
N4N 2G4,44.150245,-81.03279,ON
N4N 2G5,44.150785,-81.032925,ON
N4N 2G6,44.150775,-81.033045,ON
N4N 2G7,44.151845,-81.0332,ON
N4N 2G8,44.14611,-81.030715,ON
N4N 2G9,44.14609,-81.03084,ON
N4N 2H1,44.147485,-81.031275,ON
N4N 2H4,44.14799,-81.031435,ON
N4N 2H5,44.148305,-81.0314,ON
N4N 2H6,44.148845,-81.031565,ON
N4N 2H7,44.148825,-81.03169,ON
N4N 2H8,44.149405,-81.031745,ON
N4N 2H9,44.14938,-81.031865,ON
N4N 2J1,44.1499,-81.031905,ON
N4N 2J2,44.149875,-81.032025,ON
N4N 2J3,44.15041,-81.03206,ON
N4N 2J4,44.15039,-81.032185,ON
N4N 2J6,44.15108,-81.032385,ON
N4N 2J7,44.15184,-81.032615,ON
N4N 2J8,44.15157,-81.03241,ON
N4N 2J9,44.152205,-81.03259,ON
N4N 2K1,44.15271,-81.032865,ON
N4N 2K2,44.15368,-81.03302,ON
N4N 2K3,44.15456,-81.03328,ON
N4N 2K4,44.15771,-81.03427,ON
N4N 2K5,44.148735,-81.031045,ON
N4N 2K6,44.148715,-81.031165,ON
N4N 2K7,44.149065,-81.031145,ON
N4N 2K9,44.15123,-81.031385,ON
N4N 2L1,44.151905,-81.031875,ON
N4N 2L2,44.151925,-81.03175,ON
N4N 2L3,44.152725,-81.032125,ON
N4N 2L4,44.152745,-81.032,ON
N4N 2L9,44.15479,-81.032175,ON
N4N 2M1,44.149615,-81.030245,ON
N4N 2M2,44.149635,-81.03012,ON
N4N 2M3,44.15111,-81.030865,ON
N4N 2M4,44.15113,-81.03074,ON
N4N 2M5,44.152035,-81.030995,ON
N4N 2M6,44.152015,-81.03112,ON
N4N 2M7,44.152855,-81.031235,ON
N4N 2M8,44.152835,-81.03136,ON
N4N 2M9,44.15347,-81.031415,ON
N4N 2N1,44.153455,-81.03154,ON
N4N 2N2,44.14857,-81.02918,ON
N4N 2N3,44.14855,-81.02931,ON
N4N 2N4,44.149255,-81.029395,ON
N4N 2N5,44.14923,-81.029515,ON
N4N 2N6,44.14971,-81.02967,ON
N4N 2N7,44.15025,-81.02969,ON
N4N 2N8,44.15023,-81.029815,ON
N4N 2N9,44.15073,-81.029975,ON
N4N 2P1,44.15075,-81.029855,ON
N4N 2P2,44.151425,-81.030065,ON
N4N 2P3,44.151405,-81.03019,ON
N4N 2P4,44.15212,-81.0304,ON
N4N 2P5,44.15294,-81.03065,ON
N4N 2P6,44.15296,-81.030525,ON
N4N 2P7,44.15357,-81.03071,ON
N4N 2P8,44.15355,-81.030835,ON
N4N 2P9,44.14701,-81.027965,ON
N4N 2R1,44.146985,-81.028085,ON
N4N 2R2,44.14739,-81.028085,ON
N4N 2R3,44.148525,-81.028555,ON
N4N 2R4,44.149015,-81.028585,ON
N4N 2R5,44.14936,-81.028815,ON
N4N 2R6,44.149855,-81.028845,ON
N4N 2R7,44.15035,-81.029,ON
N4N 2R8,44.15033,-81.029125,ON
N4N 2S1,44.150855,-81.02916,ON
N4N 2S2,44.151375,-81.029315,ON
N4N 2S3,44.15209,-81.02953,ON
N4N 2S4,44.151355,-81.02944,ON
N4N 2S5,44.15306,-81.02984,ON
N4N 2S6,44.153035,-81.02996,ON
N4N 2S7,44.14712,-81.02736,ON
N4N 2S8,44.14714,-81.02724,ON
N4N 2S9,44.14766,-81.02753,ON
N4N 2T1,44.148025,-81.027515,ON
N4N 2T2,44.149005,-81.027785,ON
N4N 2T3,44.149205,-81.02772,ON
N4N 2T4,44.14999,-81.02799,ON
N4N 2T5,44.149965,-81.02811,ON
N4N 2T6,44.150465,-81.02827,ON
N4N 2T7,44.15099,-81.028295,ON
N4N 2T8,44.15097,-81.028425,ON
N4N 2T9,44.15149,-81.02858,ON
N4N 2V1,44.15151,-81.02846,ON
N4N 2V2,44.15201,-81.028745,ON
N4N 2V3,44.15203,-81.028625,ON
N4N 2V4,44.152465,-81.028755,ON
N4N 2V5,44.15325,-81.029015,ON
N4N 2V6,44.15266,-81.028945,ON
N4N 2V7,44.153735,-81.029565,ON
